E:/Research/Project/SplashDrone/data/src/utils\../../Bridges-Data/Bridge1/bridge1_dataset\images\bridge1_0000.jpg,E:/Research/Project/SplashDrone/data/src/utils\../../Bridges-Data/Bridge1/bridge1_dataset\annotations\bridge1_0000_color_mask.png
E:/Research/Project/SplashDrone/data/src/utils\../../Bridges-Data/Bridge1/bridge1_dataset\images\bridge1_0001.jpg,E:/Research/Project/SplashDrone/data/src/utils\../../Bridges-Data/Bridge1/bridge1_dataset\annotations\bridge1_0001_color_mask.png
E:/Research/Project/SplashDrone/data/src/utils\../../Bridges-Data/Bridge1/bridge1_dataset\images\bridge1_0002.jpg,E:/Research/Project/SplashDrone/data/src/utils\../../Bridges-Data/Bridge1/bridge1_dataset\annotations\bridge1_0002_color_mask.png
E:/Research/Project/SplashDrone/data/src/utils\../../Bridges-Data/Bridge1/bridge1_dataset\images\bridge1_0003.jpg,E:/Research/Project/SplashDrone/data/src/utils\../../Bridges-Data/Bridge1/bridge1_dataset\annotations\bridge1_0003_color_mask.png
E:/Research/Project/SplashDrone/data/src/utils\../../Bridges-Data/Bridge1/bridge1_dataset\images\bridge1_0004.jpg,E:/Research/Project/SplashDrone/data/src/utils\../../Bridges-Data/Bridge1/bridge1_dataset\annotations\bridge1_0004_color_mask.png
E:/Research/Project/SplashDrone/data/src/utils\../../Bridges-Data/Bridge1/bridge1_dataset\images\bridge1_0005.jpg,E:/Research/Project/SplashDrone/data/src/utils\../../Bridges-Data/Bridge1/bridge1_dataset\annotations\bridge1_0005_color_mask.png
E:/Research/Project/SplashDrone/data/src/utils\../../Bridges-Data/Bridge1/bridge1_dataset\images\bridge1_0006.jpg,E:/Research/Project/SplashDrone/data/src/utils\../../Bridges-Data/Bridge1/bridge1_dataset\annotations\bridge1_0006_color_mask.png
E:/Research/Project/SplashDrone/data/src/utils\../../Bridges-Data/Bridge1/bridge1_dataset\images\bridge1_0007.jpg,E:/Research/Project/SplashDrone/data/src/utils\../../Bridges-Data/Bridge1/bridge1_dataset\annotations\bridge1_0007_color_mask.png
E:/Research/Project/SplashDrone/data/src/utils\../../Bridges-Data/Bridge1/bridge1_dataset\images\bridge1_0008.jpg,E:/Research/Project/SplashDrone/data/src/utils\../../Bridges-Data/Bridge1/bridge1_dataset\annotations\bridge1_0008_color_mask.png
E:/Research/Project/SplashDrone/data/src/utils\../../Bridges-Data/Bridge1/bridge1_dataset\images\bridge1_0009.jpg,E:/Research/Project/SplashDrone/data/src/utils\../../Bridges-Data/Bridge1/bridge1_dataset\annotations\bridge1_0009_color_mask.png
E:/Research/Project/SplashDrone/data/src/utils\../../Bridges-Data/Bridge1/bridge1_dataset\images\bridge1_0010.jpg,E:/Research/Project/SplashDrone/data/src/utils\../../Bridges-Data/Bridge1/bridge1_dataset\annotations\bridge1_0010_color_mask.png
E:/Research/Project/SplashDrone/data/src/utils\../../Bridges-Data/Bridge1/bridge1_dataset\images\bridge1_0011.jpg,E:/Research/Project/SplashDrone/data/src/utils\../../Bridges-Data/Bridge1/bridge1_dataset\annotations\bridge1_0011_color_mask.png
E:/Research/Project/SplashDrone/data/src/utils\../../Bridges-Data/Bridge1/bridge1_dataset\images\bridge1_0012.jpg,E:/Research/Project/SplashDrone/data/src/utils\../../Bridges-Data/Bridge1/bridge1_dataset\annotations\bridge1_0012_color_mask.png
E:/Research/Project/SplashDrone/data/src/utils\../../Bridges-Data/Bridge1/bridge1_dataset\images\bridge1_0013.jpg,E:/Research/Project/SplashDrone/data/src/utils\../../Bridges-Data/Bridge1/bridge1_dataset\annotations\bridge1_0013_color_mask.png
E:/Research/Project/SplashDrone/data/src/utils\../../Bridges-Data/Bridge1/bridge1_dataset\images\bridge1_0014.jpg,E:/Research/Project/SplashDrone/data/src/utils\../../Bridges-Data/Bridge1/bridge1_dataset\annotations\bridge1_0014_color_mask.png
E:/Research/Project/SplashDrone/data/src/utils\../../Bridges-Data/Bridge1/bridge1_dataset\images\bridge1_0015.jpg,E:/Research/Project/SplashDrone/data/src/utils\../../Bridges-Data/Bridge1/bridge1_dataset\annotations\bridge1_0015_color_mask.png
E:/Research/Project/SplashDrone/data/src/utils\../../Bridges-Data/Bridge1/bridge1_dataset\images\bridge1_0016.jpg,E:/Research/Project/SplashDrone/data/src/utils\../../Bridges-Data/Bridge1/bridge1_dataset\annotations\bridge1_0016_color_mask.png
E:/Research/Project/SplashDrone/data/src/utils\../../Bridges-Data/Bridge1/bridge1_dataset\images\bridge1_0017.jpg,E:/Research/Project/SplashDrone/data/src/utils\../../Bridges-Data/Bridge1/bridge1_dataset\annotations\bridge1_0017_color_mask.png
E:/Research/Project/SplashDrone/data/src/utils\../../Bridges-Data/Bridge1/bridge1_dataset\images\bridge1_0018.jpg,E:/Research/Project/SplashDrone/data/src/utils\../../Bridges-Data/Bridge1/bridge1_dataset\annotations\bridge1_0018_color_mask.png
E:/Research/Project/SplashDrone/data/src/utils\../../Bridges-Data/Bridge1/bridge1_dataset\images\bridge1_0019.jpg,E:/Research/Project/SplashDrone/data/src/utils\../../Bridges-Data/Bridge1/bridge1_dataset\annotations\bridge1_0019_color_mask.png
E:/Research/Project/SplashDrone/data/src/utils\../../Bridges-Data/Bridge1/bridge1_dataset\images\bridge1_0020.jpg,E:/Research/Project/SplashDrone/data/src/utils\../../Bridges-Data/Bridge1/bridge1_dataset\annotations\bridge1_0020_color_mask.png
E:/Research/Project/SplashDrone/data/src/utils\../../Bridges-Data/Bridge1/bridge1_dataset\images\bridge1_0021.jpg,E:/Research/Project/SplashDrone/data/src/utils\../../Bridges-Data/Bridge1/bridge1_dataset\annotations\bridge1_0021_color_mask.png
E:/Research/Project/SplashDrone/data/src/utils\../../Bridges-Data/Bridge1/bridge1_dataset\images\bridge1_0022.jpg,E:/Research/Project/SplashDrone/data/src/utils\../../Bridges-Data/Bridge1/bridge1_dataset\annotations\bridge1_0022_color_mask.png
E:/Research/Project/SplashDrone/data/src/utils\../../Bridges-Data/Bridge1/bridge1_dataset\images\bridge1_0023.jpg,E:/Research/Project/SplashDrone/data/src/utils\../../Bridges-Data/Bridge1/bridge1_dataset\annotations\bridge1_0023_color_mask.png
E:/Research/Project/SplashDrone/data/src/utils\../../Bridges-Data/Bridge1/bridge1_dataset\images\bridge1_0024.jpg,E:/Research/Project/SplashDrone/data/src/utils\../../Bridges-Data/Bridge1/bridge1_dataset\annotations\bridge1_0024_color_mask.png
E:/Research/Project/SplashDrone/data/src/utils\../../Bridges-Data/Bridge1/bridge1_dataset\images\bridge1_0025.jpg,E:/Research/Project/SplashDrone/data/src/utils\../../Bridges-Data/Bridge1/bridge1_dataset\annotations\bridge1_0025_color_mask.png
E:/Research/Project/SplashDrone/data/src/utils\../../Bridges-Data/Bridge1/bridge1_dataset\images\bridge1_0026.jpg,E:/Research/Project/SplashDrone/data/src/utils\../../Bridges-Data/Bridge1/bridge1_dataset\annotations\bridge1_0026_color_mask.png
E:/Research/Project/SplashDrone/data/src/utils\../../Bridges-Data/Bridge1/bridge1_dataset\images\bridge1_0027.jpg,E:/Research/Project/SplashDrone/data/src/utils\../../Bridges-Data/Bridge1/bridge1_dataset\annotations\bridge1_0027_color_mask.png
E:/Research/Project/SplashDrone/data/src/utils\../../Bridges-Data/Bridge1/bridge1_dataset\images\bridge1_0028.jpg,E:/Research/Project/SplashDrone/data/src/utils\../../Bridges-Data/Bridge1/bridge1_dataset\annotations\bridge1_0028_color_mask.png
E:/Research/Project/SplashDrone/data/src/utils\../../Bridges-Data/Bridge1/bridge1_dataset\images\bridge1_0029.jpg,E:/Research/Project/SplashDrone/data/src/utils\../../Bridges-Data/Bridge1/bridge1_dataset\annotations\bridge1_0029_color_mask.png
E:/Research/Project/SplashDrone/data/src/utils\../../Bridges-Data/Bridge1/bridge1_dataset\images\bridge1_0030.jpg,E:/Research/Project/SplashDrone/data/src/utils\../../Bridges-Data/Bridge1/bridge1_dataset\annotations\bridge1_0030_color_mask.png
E:/Research/Project/SplashDrone/data/src/utils\../../Bridges-Data/Bridge1/bridge1_dataset\images\bridge1_0031.jpg,E:/Research/Project/SplashDrone/data/src/utils\../../Bridges-Data/Bridge1/bridge1_dataset\annotations\bridge1_0031_color_mask.png
E:/Research/Project/SplashDrone/data/src/utils\../../Bridges-Data/Bridge1/bridge1_dataset\images\bridge1_0032.jpg,E:/Research/Project/SplashDrone/data/src/utils\../../Bridges-Data/Bridge1/bridge1_dataset\annotations\bridge1_0032_color_mask.png
E:/Research/Project/SplashDrone/data/src/utils\../../Bridges-Data/Bridge1/bridge1_dataset\images\bridge1_0033.jpg,E:/Research/Project/SplashDrone/data/src/utils\../../Bridges-Data/Bridge1/bridge1_dataset\annotations\bridge1_0033_color_mask.png
E:/Research/Project/SplashDrone/data/src/utils\../../Bridges-Data/Bridge1/bridge1_dataset\images\bridge1_0034.jpg,E:/Research/Project/SplashDrone/data/src/utils\../../Bridges-Data/Bridge1/bridge1_dataset\annotations\bridge1_0034_color_mask.png
E:/Research/Project/SplashDrone/data/src/utils\../../Bridges-Data/Bridge1/bridge1_dataset\images\bridge1_0035.jpg,E:/Research/Project/SplashDrone/data/src/utils\../../Bridges-Data/Bridge1/bridge1_dataset\annotations\bridge1_0035_color_mask.png
E:/Research/Project/SplashDrone/data/src/utils\../../Bridges-Data/Bridge1/bridge1_dataset\images\bridge1_0036.jpg,E:/Research/Project/SplashDrone/data/src/utils\../../Bridges-Data/Bridge1/bridge1_dataset\annotations\bridge1_0036_color_mask.png
E:/Research/Project/SplashDrone/data/src/utils\../../Bridges-Data/Bridge1/bridge1_dataset\images\bridge1_0037.jpg,E:/Research/Project/SplashDrone/data/src/utils\../../Bridges-Data/Bridge1/bridge1_dataset\annotations\bridge1_0037_color_mask.png
E:/Research/Project/SplashDrone/data/src/utils\../../Bridges-Data/Bridge1/bridge1_dataset\images\bridge1_0038.jpg,E:/Research/Project/SplashDrone/data/src/utils\../../Bridges-Data/Bridge1/bridge1_dataset\annotations\bridge1_0038_color_mask.png
E:/Research/Project/SplashDrone/data/src/utils\../../Bridges-Data/Bridge1/bridge1_dataset\images\bridge1_0039.jpg,E:/Research/Project/SplashDrone/data/src/utils\../../Bridges-Data/Bridge1/bridge1_dataset\annotations\bridge1_0039_color_mask.png
E:/Research/Project/SplashDrone/data/src/utils\../../Bridges-Data/Bridge1/bridge1_dataset\images\bridge1_0040.jpg,E:/Research/Project/SplashDrone/data/src/utils\../../Bridges-Data/Bridge1/bridge1_dataset\annotations\bridge1_0040_color_mask.png
E:/Research/Project/SplashDrone/data/src/utils\../../Bridges-Data/Bridge1/bridge1_dataset\images\bridge1_0041.jpg,E:/Research/Project/SplashDrone/data/src/utils\../../Bridges-Data/Bridge1/bridge1_dataset\annotations\bridge1_0041_color_mask.png
E:/Research/Project/SplashDrone/data/src/utils\../../Bridges-Data/Bridge1/bridge1_dataset\images\bridge1_0042.jpg,E:/Research/Project/SplashDrone/data/src/utils\../../Bridges-Data/Bridge1/bridge1_dataset\annotations\bridge1_0042_color_mask.png
E:/Research/Project/SplashDrone/data/src/utils\../../Bridges-Data/Bridge1/bridge1_dataset\images\bridge1_0043.jpg,E:/Research/Project/SplashDrone/data/src/utils\../../Bridges-Data/Bridge1/bridge1_dataset\annotations\bridge1_0043_color_mask.png
E:/Research/Project/SplashDrone/data/src/utils\../../Bridges-Data/Bridge1/bridge1_dataset\images\bridge1_0044.jpg,E:/Research/Project/SplashDrone/data/src/utils\../../Bridges-Data/Bridge1/bridge1_dataset\annotations\bridge1_0044_color_mask.png
E:/Research/Project/SplashDrone/data/src/utils\../../Bridges-Data/Bridge1/bridge1_dataset\images\bridge1_0045.jpg,E:/Research/Project/SplashDrone/data/src/utils\../../Bridges-Data/Bridge1/bridge1_dataset\annotations\bridge1_0045_color_mask.png
E:/Research/Project/SplashDrone/data/src/utils\../../Bridges-Data/Bridge1/bridge1_dataset\images\bridge1_0046.jpg,E:/Research/Project/SplashDrone/data/src/utils\../../Bridges-Data/Bridge1/bridge1_dataset\annotations\bridge1_0046_color_mask.png
E:/Research/Project/SplashDrone/data/src/utils\../../Bridges-Data/Bridge1/bridge1_dataset\images\bridge1_0047.jpg,E:/Research/Project/SplashDrone/data/src/utils\../../Bridges-Data/Bridge1/bridge1_dataset\annotations\bridge1_0047_color_mask.png
E:/Research/Project/SplashDrone/data/src/utils\../../Bridges-Data/Bridge1/bridge1_dataset\images\bridge1_0048.jpg,E:/Research/Project/SplashDrone/data/src/utils\../../Bridges-Data/Bridge1/bridge1_dataset\annotations\bridge1_0048_color_mask.png
E:/Research/Project/SplashDrone/data/src/utils\../../Bridges-Data/Bridge1/bridge1_dataset\images\bridge1_0049.jpg,E:/Research/Project/SplashDrone/data/src/utils\../../Bridges-Data/Bridge1/bridge1_dataset\annotations\bridge1_0049_color_mask.png
E:/Research/Project/SplashDrone/data/src/utils\../../Bridges-Data/Bridge1/bridge1_dataset\images\bridge1_0050.jpg,E:/Research/Project/SplashDrone/data/src/utils\../../Bridges-Data/Bridge1/bridge1_dataset\annotations\bridge1_0050_color_mask.png
E:/Research/Project/SplashDrone/data/src/utils\../../Bridges-Data/Bridge1/bridge1_dataset\images\bridge1_0051.jpg,E:/Research/Project/SplashDrone/data/src/utils\../../Bridges-Data/Bridge1/bridge1_dataset\annotations\bridge1_0051_color_mask.png
E:/Research/Project/SplashDrone/data/src/utils\../../Bridges-Data/Bridge1/bridge1_dataset\images\bridge1_0052.jpg,E:/Research/Project/SplashDrone/data/src/utils\../../Bridges-Data/Bridge1/bridge1_dataset\annotations\bridge1_0052_color_mask.png
E:/Research/Project/SplashDrone/data/src/utils\../../Bridges-Data/Bridge1/bridge1_dataset\images\bridge1_0053.jpg,E:/Research/Project/SplashDrone/data/src/utils\../../Bridges-Data/Bridge1/bridge1_dataset\annotations\bridge1_0053_color_mask.png
E:/Research/Project/SplashDrone/data/src/utils\../../Bridges-Data/Bridge1/bridge1_dataset\images\bridge1_0054.jpg,E:/Research/Project/SplashDrone/data/src/utils\../../Bridges-Data/Bridge1/bridge1_dataset\annotations\bridge1_0054_color_mask.png
E:/Research/Project/SplashDrone/data/src/utils\../../Bridges-Data/Bridge1/bridge1_dataset\images\bridge1_0055.jpg,E:/Research/Project/SplashDrone/data/src/utils\../../Bridges-Data/Bridge1/bridge1_dataset\annotations\bridge1_0055_color_mask.png
E:/Research/Project/SplashDrone/data/src/utils\../../Bridges-Data/Bridge1/bridge1_dataset\images\bridge1_0056.jpg,E:/Research/Project/SplashDrone/data/src/utils\../../Bridges-Data/Bridge1/bridge1_dataset\annotations\bridge1_0056_color_mask.png
E:/Research/Project/SplashDrone/data/src/utils\../../Bridges-Data/Bridge1/bridge1_dataset\images\bridge1_0057.jpg,E:/Research/Project/SplashDrone/data/src/utils\../../Bridges-Data/Bridge1/bridge1_dataset\annotations\bridge1_0057_color_mask.png
E:/Research/Project/SplashDrone/data/src/utils\../../Bridges-Data/Bridge1/bridge1_dataset\images\bridge1_0058.jpg,E:/Research/Project/SplashDrone/data/src/utils\../../Bridges-Data/Bridge1/bridge1_dataset\annotations\bridge1_0058_color_mask.png
E:/Research/Project/SplashDrone/data/src/utils\../../Bridges-Data/Bridge1/bridge1_dataset\images\bridge1_0059.jpg,E:/Research/Project/SplashDrone/data/src/utils\../../Bridges-Data/Bridge1/bridge1_dataset\annotations\bridge1_0059_color_mask.png
E:/Research/Project/SplashDrone/data/src/utils\../../Bridges-Data/Bridge1/bridge1_dataset\images\bridge1_0060.jpg,E:/Research/Project/SplashDrone/data/src/utils\../../Bridges-Data/Bridge1/bridge1_dataset\annotations\bridge1_0060_color_mask.png
E:/Research/Project/SplashDrone/data/src/utils\../../Bridges-Data/Bridge1/bridge1_dataset\images\bridge1_0061.jpg,E:/Research/Project/SplashDrone/data/src/utils\../../Bridges-Data/Bridge1/bridge1_dataset\annotations\bridge1_0061_color_mask.png
E:/Research/Project/SplashDrone/data/src/utils\../../Bridges-Data/Bridge1/bridge1_dataset\images\bridge1_0062.jpg,E:/Research/Project/SplashDrone/data/src/utils\../../Bridges-Data/Bridge1/bridge1_dataset\annotations\bridge1_0062_color_mask.png
E:/Research/Project/SplashDrone/data/src/utils\../../Bridges-Data/Bridge1/bridge1_dataset\images\bridge1_0063.jpg,E:/Research/Project/SplashDrone/data/src/utils\../../Bridges-Data/Bridge1/bridge1_dataset\annotations\bridge1_0063_color_mask.png
E:/Research/Project/SplashDrone/data/src/utils\../../Bridges-Data/Bridge1/bridge1_dataset\images\bridge1_0064.jpg,E:/Research/Project/SplashDrone/data/src/utils\../../Bridges-Data/Bridge1/bridge1_dataset\annotations\bridge1_0064_color_mask.png
E:/Research/Project/SplashDrone/data/src/utils\../../Bridges-Data/Bridge1/bridge1_dataset\images\bridge1_0065.jpg,E:/Research/Project/SplashDrone/data/src/utils\../../Bridges-Data/Bridge1/bridge1_dataset\annotations\bridge1_0065_color_mask.png
E:/Research/Project/SplashDrone/data/src/utils\../../Bridges-Data/Bridge1/bridge1_dataset\images\bridge1_0066.jpg,E:/Research/Project/SplashDrone/data/src/utils\../../Bridges-Data/Bridge1/bridge1_dataset\annotations\bridge1_0066_color_mask.png
E:/Research/Project/SplashDrone/data/src/utils\../../Bridges-Data/Bridge1/bridge1_dataset\images\bridge1_0067.jpg,E:/Research/Project/SplashDrone/data/src/utils\../../Bridges-Data/Bridge1/bridge1_dataset\annotations\bridge1_0067_color_mask.png
E:/Research/Project/SplashDrone/data/src/utils\../../Bridges-Data/Bridge1/bridge1_dataset\images\bridge1_0068.jpg,E:/Research/Project/SplashDrone/data/src/utils\../../Bridges-Data/Bridge1/bridge1_dataset\annotations\bridge1_0068_color_mask.png
E:/Research/Project/SplashDrone/data/src/utils\../../Bridges-Data/Bridge1/bridge1_dataset\images\bridge1_0069.jpg,E:/Research/Project/SplashDrone/data/src/utils\../../Bridges-Data/Bridge1/bridge1_dataset\annotations\bridge1_0069_color_mask.png
E:/Research/Project/SplashDrone/data/src/utils\../../Bridges-Data/Bridge1/bridge1_dataset\images\bridge1_0070.jpg,E:/Research/Project/SplashDrone/data/src/utils\../../Bridges-Data/Bridge1/bridge1_dataset\annotations\bridge1_0070_color_mask.png
E:/Research/Project/SplashDrone/data/src/utils\../../Bridges-Data/Bridge1/bridge1_dataset\images\bridge1_0071.jpg,E:/Research/Project/SplashDrone/data/src/utils\../../Bridges-Data/Bridge1/bridge1_dataset\annotations\bridge1_0071_color_mask.png
E:/Research/Project/SplashDrone/data/src/utils\../../Bridges-Data/Bridge1/bridge1_dataset\images\bridge1_0072.jpg,E:/Research/Project/SplashDrone/data/src/utils\../../Bridges-Data/Bridge1/bridge1_dataset\annotations\bridge1_0072_color_mask.png
E:/Research/Project/SplashDrone/data/src/utils\../../Bridges-Data/Bridge1/bridge1_dataset\images\bridge1_0073.jpg,E:/Research/Project/SplashDrone/data/src/utils\../../Bridges-Data/Bridge1/bridge1_dataset\annotations\bridge1_0073_color_mask.png
E:/Research/Project/SplashDrone/data/src/utils\../../Bridges-Data/Bridge1/bridge1_dataset\images\bridge1_0074.jpg,E:/Research/Project/SplashDrone/data/src/utils\../../Bridges-Data/Bridge1/bridge1_dataset\annotations\bridge1_0074_color_mask.png
E:/Research/Project/SplashDrone/data/src/utils\../../Bridges-Data/Bridge1/bridge1_dataset\images\bridge1_0075.jpg,E:/Research/Project/SplashDrone/data/src/utils\../../Bridges-Data/Bridge1/bridge1_dataset\annotations\bridge1_0075_color_mask.png
E:/Research/Project/SplashDrone/data/src/utils\../../Bridges-Data/Bridge1/bridge1_dataset\images\bridge1_0076.jpg,E:/Research/Project/SplashDrone/data/src/utils\../../Bridges-Data/Bridge1/bridge1_dataset\annotations\bridge1_0076_color_mask.png
E:/Research/Project/SplashDrone/data/src/utils\../../Bridges-Data/Bridge1/bridge1_dataset\images\bridge1_0077.jpg,E:/Research/Project/SplashDrone/data/src/utils\../../Bridges-Data/Bridge1/bridge1_dataset\annotations\bridge1_0077_color_mask.png
E:/Research/Project/SplashDrone/data/src/utils\../../Bridges-Data/Bridge1/bridge1_dataset\images\bridge1_0078.jpg,E:/Research/Project/SplashDrone/data/src/utils\../../Bridges-Data/Bridge1/bridge1_dataset\annotations\bridge1_0078_color_mask.png
E:/Research/Project/SplashDrone/data/src/utils\../../Bridges-Data/Bridge1/bridge1_dataset\images\bridge1_0079.jpg,E:/Research/Project/SplashDrone/data/src/utils\../../Bridges-Data/Bridge1/bridge1_dataset\annotations\bridge1_0079_color_mask.png
E:/Research/Project/SplashDrone/data/src/utils\../../Bridges-Data/Bridge2/bridge2_dataset\images\bridge2_0000.jpg,E:/Research/Project/SplashDrone/data/src/utils\../../Bridges-Data/Bridge2/bridge2_dataset\annotations\bridge2_0000_color_mask.png
E:/Research/Project/SplashDrone/data/src/utils\../../Bridges-Data/Bridge2/bridge2_dataset\images\bridge2_0001.jpg,E:/Research/Project/SplashDrone/data/src/utils\../../Bridges-Data/Bridge2/bridge2_dataset\annotations\bridge2_0001_color_mask.png
E:/Research/Project/SplashDrone/data/src/utils\../../Bridges-Data/Bridge2/bridge2_dataset\images\bridge2_0002.jpg,E:/Research/Project/SplashDrone/data/src/utils\../../Bridges-Data/Bridge2/bridge2_dataset\annotations\bridge2_0002_color_mask.png
E:/Research/Project/SplashDrone/data/src/utils\../../Bridges-Data/Bridge2/bridge2_dataset\images\bridge2_0003.jpg,E:/Research/Project/SplashDrone/data/src/utils\../../Bridges-Data/Bridge2/bridge2_dataset\annotations\bridge2_0003_color_mask.png
E:/Research/Project/SplashDrone/data/src/utils\../../Bridges-Data/Bridge2/bridge2_dataset\images\bridge2_0004.jpg,E:/Research/Project/SplashDrone/data/src/utils\../../Bridges-Data/Bridge2/bridge2_dataset\annotations\bridge2_0004_color_mask.png
E:/Research/Project/SplashDrone/data/src/utils\../../Bridges-Data/Bridge2/bridge2_dataset\images\bridge2_0005.jpg,E:/Research/Project/SplashDrone/data/src/utils\../../Bridges-Data/Bridge2/bridge2_dataset\annotations\bridge2_0005_color_mask.png
E:/Research/Project/SplashDrone/data/src/utils\../../Bridges-Data/Bridge2/bridge2_dataset\images\bridge2_0006.jpg,E:/Research/Project/SplashDrone/data/src/utils\../../Bridges-Data/Bridge2/bridge2_dataset\annotations\bridge2_0006_color_mask.png
E:/Research/Project/SplashDrone/data/src/utils\../../Bridges-Data/Bridge2/bridge2_dataset\images\bridge2_0007.jpg,E:/Research/Project/SplashDrone/data/src/utils\../../Bridges-Data/Bridge2/bridge2_dataset\annotations\bridge2_0007_color_mask.png
E:/Research/Project/SplashDrone/data/src/utils\../../Bridges-Data/Bridge2/bridge2_dataset\images\bridge2_0008.jpg,E:/Research/Project/SplashDrone/data/src/utils\../../Bridges-Data/Bridge2/bridge2_dataset\annotations\bridge2_0008_color_mask.png
E:/Research/Project/SplashDrone/data/src/utils\../../Bridges-Data/Bridge2/bridge2_dataset\images\bridge2_0009.jpg,E:/Research/Project/SplashDrone/data/src/utils\../../Bridges-Data/Bridge2/bridge2_dataset\annotations\bridge2_0009_color_mask.png
E:/Research/Project/SplashDrone/data/src/utils\../../Bridges-Data/Bridge2/bridge2_dataset\images\bridge2_0010.jpg,E:/Research/Project/SplashDrone/data/src/utils\../../Bridges-Data/Bridge2/bridge2_dataset\annotations\bridge2_0010_color_mask.png
E:/Research/Project/SplashDrone/data/src/utils\../../Bridges-Data/Bridge2/bridge2_dataset\images\bridge2_0011.jpg,E:/Research/Project/SplashDrone/data/src/utils\../../Bridges-Data/Bridge2/bridge2_dataset\annotations\bridge2_0011_color_mask.png
E:/Research/Project/SplashDrone/data/src/utils\../../Bridges-Data/Bridge2/bridge2_dataset\images\bridge2_0012.jpg,E:/Research/Project/SplashDrone/data/src/utils\../../Bridges-Data/Bridge2/bridge2_dataset\annotations\bridge2_0012_color_mask.png
E:/Research/Project/SplashDrone/data/src/utils\../../Bridges-Data/Bridge2/bridge2_dataset\images\bridge2_0013.jpg,E:/Research/Project/SplashDrone/data/src/utils\../../Bridges-Data/Bridge2/bridge2_dataset\annotations\bridge2_0013_color_mask.png
E:/Research/Project/SplashDrone/data/src/utils\../../Bridges-Data/Bridge2/bridge2_dataset\images\bridge2_0014.jpg,E:/Research/Project/SplashDrone/data/src/utils\../../Bridges-Data/Bridge2/bridge2_dataset\annotations\bridge2_0014_color_mask.png
E:/Research/Project/SplashDrone/data/src/utils\../../Bridges-Data/Bridge2/bridge2_dataset\images\bridge2_0015.jpg,E:/Research/Project/SplashDrone/data/src/utils\../../Bridges-Data/Bridge2/bridge2_dataset\annotations\bridge2_0015_color_mask.png
E:/Research/Project/SplashDrone/data/src/utils\../../Bridges-Data/Bridge2/bridge2_dataset\images\bridge2_0016.jpg,E:/Research/Project/SplashDrone/data/src/utils\../../Bridges-Data/Bridge2/bridge2_dataset\annotations\bridge2_0016_color_mask.png
E:/Research/Project/SplashDrone/data/src/utils\../../Bridges-Data/Bridge2/bridge2_dataset\images\bridge2_0017.jpg,E:/Research/Project/SplashDrone/data/src/utils\../../Bridges-Data/Bridge2/bridge2_dataset\annotations\bridge2_0017_color_mask.png
E:/Research/Project/SplashDrone/data/src/utils\../../Bridges-Data/Bridge2/bridge2_dataset\images\bridge2_0018.jpg,E:/Research/Project/SplashDrone/data/src/utils\../../Bridges-Data/Bridge2/bridge2_dataset\annotations\bridge2_0018_color_mask.png
E:/Research/Project/SplashDrone/data/src/utils\../../Bridges-Data/Bridge2/bridge2_dataset\images\bridge2_0019.jpg,E:/Research/Project/SplashDrone/data/src/utils\../../Bridges-Data/Bridge2/bridge2_dataset\annotations\bridge2_0019_color_mask.png
E:/Research/Project/SplashDrone/data/src/utils\../../Bridges-Data/Bridge2/bridge2_dataset\images\bridge2_0020.jpg,E:/Research/Project/SplashDrone/data/src/utils\../../Bridges-Data/Bridge2/bridge2_dataset\annotations\bridge2_0020_color_mask.png
E:/Research/Project/SplashDrone/data/src/utils\../../Bridges-Data/Bridge2/bridge2_dataset\images\bridge2_0021.jpg,E:/Research/Project/SplashDrone/data/src/utils\../../Bridges-Data/Bridge2/bridge2_dataset\annotations\bridge2_0021_color_mask.png
E:/Research/Project/SplashDrone/data/src/utils\../../Bridges-Data/Bridge2/bridge2_dataset\images\bridge2_0022.jpg,E:/Research/Project/SplashDrone/data/src/utils\../../Bridges-Data/Bridge2/bridge2_dataset\annotations\bridge2_0022_color_mask.png
E:/Research/Project/SplashDrone/data/src/utils\../../Bridges-Data/Bridge2/bridge2_dataset\images\bridge2_0023.jpg,E:/Research/Project/SplashDrone/data/src/utils\../../Bridges-Data/Bridge2/bridge2_dataset\annotations\bridge2_0023_color_mask.png
E:/Research/Project/SplashDrone/data/src/utils\../../Bridges-Data/Bridge2/bridge2_dataset\images\bridge2_0024.jpg,E:/Research/Project/SplashDrone/data/src/utils\../../Bridges-Data/Bridge2/bridge2_dataset\annotations\bridge2_0024_color_mask.png
E:/Research/Project/SplashDrone/data/src/utils\../../Bridges-Data/Bridge2/bridge2_dataset\images\bridge2_0025.jpg,E:/Research/Project/SplashDrone/data/src/utils\../../Bridges-Data/Bridge2/bridge2_dataset\annotations\bridge2_0025_color_mask.png
E:/Research/Project/SplashDrone/data/src/utils\../../Bridges-Data/Bridge2/bridge2_dataset\images\bridge2_0026.jpg,E:/Research/Project/SplashDrone/data/src/utils\../../Bridges-Data/Bridge2/bridge2_dataset\annotations\bridge2_0026_color_mask.png
E:/Research/Project/SplashDrone/data/src/utils\../../Bridges-Data/Bridge2/bridge2_dataset\images\bridge2_0027.jpg,E:/Research/Project/SplashDrone/data/src/utils\../../Bridges-Data/Bridge2/bridge2_dataset\annotations\bridge2_0027_color_mask.png
E:/Research/Project/SplashDrone/data/src/utils\../../Bridges-Data/Bridge2/bridge2_dataset\images\bridge2_0028.jpg,E:/Research/Project/SplashDrone/data/src/utils\../../Bridges-Data/Bridge2/bridge2_dataset\annotations\bridge2_0028_color_mask.png
E:/Research/Project/SplashDrone/data/src/utils\../../Bridges-Data/Bridge2/bridge2_dataset\images\bridge2_0029.jpg,E:/Research/Project/SplashDrone/data/src/utils\../../Bridges-Data/Bridge2/bridge2_dataset\annotations\bridge2_0029_color_mask.png
E:/Research/Project/SplashDrone/data/src/utils\../../Bridges-Data/Bridge2/bridge2_dataset\images\bridge2_0030.jpg,E:/Research/Project/SplashDrone/data/src/utils\../../Bridges-Data/Bridge2/bridge2_dataset\annotations\bridge2_0030_color_mask.png
E:/Research/Project/SplashDrone/data/src/utils\../../Bridges-Data/Bridge2/bridge2_dataset\images\bridge2_0031.jpg,E:/Research/Project/SplashDrone/data/src/utils\../../Bridges-Data/Bridge2/bridge2_dataset\annotations\bridge2_0031_color_mask.png
E:/Research/Project/SplashDrone/data/src/utils\../../Bridges-Data/Bridge2/bridge2_dataset\images\bridge2_0032.jpg,E:/Research/Project/SplashDrone/data/src/utils\../../Bridges-Data/Bridge2/bridge2_dataset\annotations\bridge2_0032_color_mask.png
E:/Research/Project/SplashDrone/data/src/utils\../../Bridges-Data/Bridge2/bridge2_dataset\images\bridge2_0033.jpg,E:/Research/Project/SplashDrone/data/src/utils\../../Bridges-Data/Bridge2/bridge2_dataset\annotations\bridge2_0033_color_mask.png
E:/Research/Project/SplashDrone/data/src/utils\../../Bridges-Data/Bridge2/bridge2_dataset\images\bridge2_0034.jpg,E:/Research/Project/SplashDrone/data/src/utils\../../Bridges-Data/Bridge2/bridge2_dataset\annotations\bridge2_0034_color_mask.png
E:/Research/Project/SplashDrone/data/src/utils\../../Bridges-Data/Bridge2/bridge2_dataset\images\bridge2_0035.jpg,E:/Research/Project/SplashDrone/data/src/utils\../../Bridges-Data/Bridge2/bridge2_dataset\annotations\bridge2_0035_color_mask.png
E:/Research/Project/SplashDrone/data/src/utils\../../Bridges-Data/Bridge2/bridge2_dataset\images\bridge2_0036.jpg,E:/Research/Project/SplashDrone/data/src/utils\../../Bridges-Data/Bridge2/bridge2_dataset\annotations\bridge2_0036_color_mask.png
E:/Research/Project/SplashDrone/data/src/utils\../../Bridges-Data/Bridge2/bridge2_dataset\images\bridge2_0037.jpg,E:/Research/Project/SplashDrone/data/src/utils\../../Bridges-Data/Bridge2/bridge2_dataset\annotations\bridge2_0037_color_mask.png
E:/Research/Project/SplashDrone/data/src/utils\../../Bridges-Data/Bridge2/bridge2_dataset\images\bridge2_0038.jpg,E:/Research/Project/SplashDrone/data/src/utils\../../Bridges-Data/Bridge2/bridge2_dataset\annotations\bridge2_0038_color_mask.png
E:/Research/Project/SplashDrone/data/src/utils\../../Bridges-Data/Bridge2/bridge2_dataset\images\bridge2_0039.jpg,E:/Research/Project/SplashDrone/data/src/utils\../../Bridges-Data/Bridge2/bridge2_dataset\annotations\bridge2_0039_color_mask.png
E:/Research/Project/SplashDrone/data/src/utils\../../Bridges-Data/Bridge2/bridge2_dataset\images\bridge2_0040.jpg,E:/Research/Project/SplashDrone/data/src/utils\../../Bridges-Data/Bridge2/bridge2_dataset\annotations\bridge2_0040_color_mask.png
E:/Research/Project/SplashDrone/data/src/utils\../../Bridges-Data/Bridge2/bridge2_dataset\images\bridge2_0041.jpg,E:/Research/Project/SplashDrone/data/src/utils\../../Bridges-Data/Bridge2/bridge2_dataset\annotations\bridge2_0041_color_mask.png
E:/Research/Project/SplashDrone/data/src/utils\../../Bridges-Data/Bridge2/bridge2_dataset\images\bridge2_0042.jpg,E:/Research/Project/SplashDrone/data/src/utils\../../Bridges-Data/Bridge2/bridge2_dataset\annotations\bridge2_0042_color_mask.png
E:/Research/Project/SplashDrone/data/src/utils\../../Bridges-Data/Bridge2/bridge2_dataset\images\bridge2_0043.jpg,E:/Research/Project/SplashDrone/data/src/utils\../../Bridges-Data/Bridge2/bridge2_dataset\annotations\bridge2_0043_color_mask.png
E:/Research/Project/SplashDrone/data/src/utils\../../Bridges-Data/Bridge2/bridge2_dataset\images\bridge2_0044.jpg,E:/Research/Project/SplashDrone/data/src/utils\../../Bridges-Data/Bridge2/bridge2_dataset\annotations\bridge2_0044_color_mask.png
E:/Research/Project/SplashDrone/data/src/utils\../../Bridges-Data/Bridge2/bridge2_dataset\images\bridge2_0045.jpg,E:/Research/Project/SplashDrone/data/src/utils\../../Bridges-Data/Bridge2/bridge2_dataset\annotations\bridge2_0045_color_mask.png
E:/Research/Project/SplashDrone/data/src/utils\../../Bridges-Data/Bridge2/bridge2_dataset\images\bridge2_0046.jpg,E:/Research/Project/SplashDrone/data/src/utils\../../Bridges-Data/Bridge2/bridge2_dataset\annotations\bridge2_0046_color_mask.png
E:/Research/Project/SplashDrone/data/src/utils\../../Bridges-Data/Bridge2/bridge2_dataset\images\bridge2_0047.jpg,E:/Research/Project/SplashDrone/data/src/utils\../../Bridges-Data/Bridge2/bridge2_dataset\annotations\bridge2_0047_color_mask.png
E:/Research/Project/SplashDrone/data/src/utils\../../Bridges-Data/Bridge2/bridge2_dataset\images\bridge2_0048.jpg,E:/Research/Project/SplashDrone/data/src/utils\../../Bridges-Data/Bridge2/bridge2_dataset\annotations\bridge2_0048_color_mask.png
E:/Research/Project/SplashDrone/data/src/utils\../../Bridges-Data/Bridge2/bridge2_dataset\images\bridge2_0049.jpg,E:/Research/Project/SplashDrone/data/src/utils\../../Bridges-Data/Bridge2/bridge2_dataset\annotations\bridge2_0049_color_mask.png
E:/Research/Project/SplashDrone/data/src/utils\../../Bridges-Data/Bridge2/bridge2_dataset\images\bridge2_0050.jpg,E:/Research/Project/SplashDrone/data/src/utils\../../Bridges-Data/Bridge2/bridge2_dataset\annotations\bridge2_0050_color_mask.png
E:/Research/Project/SplashDrone/data/src/utils\../../Bridges-Data/Bridge2/bridge2_dataset\images\bridge2_0051.jpg,E:/Research/Project/SplashDrone/data/src/utils\../../Bridges-Data/Bridge2/bridge2_dataset\annotations\bridge2_0051_color_mask.png
E:/Research/Project/SplashDrone/data/src/utils\../../Bridges-Data/Bridge2/bridge2_dataset\images\bridge2_0052.jpg,E:/Research/Project/SplashDrone/data/src/utils\../../Bridges-Data/Bridge2/bridge2_dataset\annotations\bridge2_0052_color_mask.png
E:/Research/Project/SplashDrone/data/src/utils\../../Bridges-Data/Bridge2/bridge2_dataset\images\bridge2_0053.jpg,E:/Research/Project/SplashDrone/data/src/utils\../../Bridges-Data/Bridge2/bridge2_dataset\annotations\bridge2_0053_color_mask.png
E:/Research/Project/SplashDrone/data/src/utils\../../Bridges-Data/Bridge2/bridge2_dataset\images\bridge2_0054.jpg,E:/Research/Project/SplashDrone/data/src/utils\../../Bridges-Data/Bridge2/bridge2_dataset\annotations\bridge2_0054_color_mask.png
E:/Research/Project/SplashDrone/data/src/utils\../../Bridges-Data/Bridge2/bridge2_dataset\images\bridge2_0055.jpg,E:/Research/Project/SplashDrone/data/src/utils\../../Bridges-Data/Bridge2/bridge2_dataset\annotations\bridge2_0055_color_mask.png
E:/Research/Project/SplashDrone/data/src/utils\../../Bridges-Data/Bridge2/bridge2_dataset\images\bridge2_0056.jpg,E:/Research/Project/SplashDrone/data/src/utils\../../Bridges-Data/Bridge2/bridge2_dataset\annotations\bridge2_0056_color_mask.png
E:/Research/Project/SplashDrone/data/src/utils\../../Bridges-Data/Bridge2/bridge2_dataset\images\bridge2_0057.jpg,E:/Research/Project/SplashDrone/data/src/utils\../../Bridges-Data/Bridge2/bridge2_dataset\annotations\bridge2_0057_color_mask.png
E:/Research/Project/SplashDrone/data/src/utils\../../Bridges-Data/Bridge2/bridge2_dataset\images\bridge2_0058.jpg,E:/Research/Project/SplashDrone/data/src/utils\../../Bridges-Data/Bridge2/bridge2_dataset\annotations\bridge2_0058_color_mask.png
E:/Research/Project/SplashDrone/data/src/utils\../../Bridges-Data/Bridge2/bridge2_dataset\images\bridge2_0059.jpg,E:/Research/Project/SplashDrone/data/src/utils\../../Bridges-Data/Bridge2/bridge2_dataset\annotations\bridge2_0059_color_mask.png
E:/Research/Project/SplashDrone/data/src/utils\../../Bridges-Data/Bridge2/bridge2_dataset\images\bridge2_0060.jpg,E:/Research/Project/SplashDrone/data/src/utils\../../Bridges-Data/Bridge2/bridge2_dataset\annotations\bridge2_0060_color_mask.png
E:/Research/Project/SplashDrone/data/src/utils\../../Bridges-Data/Bridge2/bridge2_dataset\images\bridge2_0061.jpg,E:/Research/Project/SplashDrone/data/src/utils\../../Bridges-Data/Bridge2/bridge2_dataset\annotations\bridge2_0061_color_mask.png
E:/Research/Project/SplashDrone/data/src/utils\../../Bridges-Data/Bridge2/bridge2_dataset\images\bridge2_0062.jpg,E:/Research/Project/SplashDrone/data/src/utils\../../Bridges-Data/Bridge2/bridge2_dataset\annotations\bridge2_0062_color_mask.png
E:/Research/Project/SplashDrone/data/src/utils\../../Bridges-Data/Bridge2/bridge2_dataset\images\bridge2_0063.jpg,E:/Research/Project/SplashDrone/data/src/utils\../../Bridges-Data/Bridge2/bridge2_dataset\annotations\bridge2_0063_color_mask.png
E:/Research/Project/SplashDrone/data/src/utils\../../Bridges-Data/Bridge2/bridge2_dataset\images\bridge2_0064.jpg,E:/Research/Project/SplashDrone/data/src/utils\../../Bridges-Data/Bridge2/bridge2_dataset\annotations\bridge2_0064_color_mask.png
E:/Research/Project/SplashDrone/data/src/utils\../../Bridges-Data/Bridge2/bridge2_dataset\images\bridge2_0065.jpg,E:/Research/Project/SplashDrone/data/src/utils\../../Bridges-Data/Bridge2/bridge2_dataset\annotations\bridge2_0065_color_mask.png
E:/Research/Project/SplashDrone/data/src/utils\../../Bridges-Data/Bridge2/bridge2_dataset\images\bridge2_0066.jpg,E:/Research/Project/SplashDrone/data/src/utils\../../Bridges-Data/Bridge2/bridge2_dataset\annotations\bridge2_0066_color_mask.png
E:/Research/Project/SplashDrone/data/src/utils\../../Bridges-Data/Bridge2/bridge2_dataset\images\bridge2_0067.jpg,E:/Research/Project/SplashDrone/data/src/utils\../../Bridges-Data/Bridge2/bridge2_dataset\annotations\bridge2_0067_color_mask.png
E:/Research/Project/SplashDrone/data/src/utils\../../Bridges-Data/Bridge2/bridge2_dataset\images\bridge2_0068.jpg,E:/Research/Project/SplashDrone/data/src/utils\../../Bridges-Data/Bridge2/bridge2_dataset\annotations\bridge2_0068_color_mask.png
E:/Research/Project/SplashDrone/data/src/utils\../../Bridges-Data/Bridge2/bridge2_dataset\images\bridge2_0069.jpg,E:/Research/Project/SplashDrone/data/src/utils\../../Bridges-Data/Bridge2/bridge2_dataset\annotations\bridge2_0069_color_mask.png
E:/Research/Project/SplashDrone/data/src/utils\../../Bridges-Data/Bridge2/bridge2_dataset\images\bridge2_0070.jpg,E:/Research/Project/SplashDrone/data/src/utils\../../Bridges-Data/Bridge2/bridge2_dataset\annotations\bridge2_0070_color_mask.png
E:/Research/Project/SplashDrone/data/src/utils\../../Bridges-Data/Bridge2/bridge2_dataset\images\bridge2_0071.jpg,E:/Research/Project/SplashDrone/data/src/utils\../../Bridges-Data/Bridge2/bridge2_dataset\annotations\bridge2_0071_color_mask.png
E:/Research/Project/SplashDrone/data/src/utils\../../Bridges-Data/Bridge2/bridge2_dataset\images\bridge2_0072.jpg,E:/Research/Project/SplashDrone/data/src/utils\../../Bridges-Data/Bridge2/bridge2_dataset\annotations\bridge2_0072_color_mask.png
E:/Research/Project/SplashDrone/data/src/utils\../../Bridges-Data/Bridge2/bridge2_dataset\images\bridge2_0073.jpg,E:/Research/Project/SplashDrone/data/src/utils\../../Bridges-Data/Bridge2/bridge2_dataset\annotations\bridge2_0073_color_mask.png
E:/Research/Project/SplashDrone/data/src/utils\../../Bridges-Data/Bridge2/bridge2_dataset\images\bridge2_0074.jpg,E:/Research/Project/SplashDrone/data/src/utils\../../Bridges-Data/Bridge2/bridge2_dataset\annotations\bridge2_0074_color_mask.png
E:/Research/Project/SplashDrone/data/src/utils\../../Bridges-Data/Bridge2/bridge2_dataset\images\bridge2_0075.jpg,E:/Research/Project/SplashDrone/data/src/utils\../../Bridges-Data/Bridge2/bridge2_dataset\annotations\bridge2_0075_color_mask.png
E:/Research/Project/SplashDrone/data/src/utils\../../Bridges-Data/Bridge2/bridge2_dataset\images\bridge2_0076.jpg,E:/Research/Project/SplashDrone/data/src/utils\../../Bridges-Data/Bridge2/bridge2_dataset\annotations\bridge2_0076_color_mask.png
E:/Research/Project/SplashDrone/data/src/utils\../../Bridges-Data/Bridge2/bridge2_dataset\images\bridge2_0077.jpg,E:/Research/Project/SplashDrone/data/src/utils\../../Bridges-Data/Bridge2/bridge2_dataset\annotations\bridge2_0077_color_mask.png
E:/Research/Project/SplashDrone/data/src/utils\../../Bridges-Data/Bridge2/bridge2_dataset\images\bridge2_0078.jpg,E:/Research/Project/SplashDrone/data/src/utils\../../Bridges-Data/Bridge2/bridge2_dataset\annotations\bridge2_0078_color_mask.png
E:/Research/Project/SplashDrone/data/src/utils\../../Bridges-Data/Bridge2/bridge2_dataset\images\bridge2_0079.jpg,E:/Research/Project/SplashDrone/data/src/utils\../../Bridges-Data/Bridge2/bridge2_dataset\annotations\bridge2_0079_color_mask.png
E:/Research/Project/SplashDrone/data/src/utils\../../Bridges-Data/Bridge2/bridge2_dataset\images\bridge2_0080.jpg,E:/Research/Project/SplashDrone/data/src/utils\../../Bridges-Data/Bridge2/bridge2_dataset\annotations\bridge2_0080_color_mask.png
E:/Research/Project/SplashDrone/data/src/utils\../../Bridges-Data/Bridge2/bridge2_dataset\images\bridge2_0081.jpg,E:/Research/Project/SplashDrone/data/src/utils\../../Bridges-Data/Bridge2/bridge2_dataset\annotations\bridge2_0081_color_mask.png
E:/Research/Project/SplashDrone/data/src/utils\../../Bridges-Data/Bridge2/bridge2_dataset\images\bridge2_0082.jpg,E:/Research/Project/SplashDrone/data/src/utils\../../Bridges-Data/Bridge2/bridge2_dataset\annotations\bridge2_0082_color_mask.png
E:/Research/Project/SplashDrone/data/src/utils\../../Bridges-Data/Bridge2/bridge2_dataset\images\bridge2_0083.jpg,E:/Research/Project/SplashDrone/data/src/utils\../../Bridges-Data/Bridge2/bridge2_dataset\annotations\bridge2_0083_color_mask.png
E:/Research/Project/SplashDrone/data/src/utils\../../Bridges-Data/Bridge2/bridge2_dataset\images\bridge2_0084.jpg,E:/Research/Project/SplashDrone/data/src/utils\../../Bridges-Data/Bridge2/bridge2_dataset\annotations\bridge2_0084_color_mask.png
E:/Research/Project/SplashDrone/data/src/utils\../../Bridges-Data/Bridge2/bridge2_dataset\images\bridge2_0085.jpg,E:/Research/Project/SplashDrone/data/src/utils\../../Bridges-Data/Bridge2/bridge2_dataset\annotations\bridge2_0085_color_mask.png
E:/Research/Project/SplashDrone/data/src/utils\../../Bridges-Data/Bridge3/bridge3_dataset\images\bridge3_0000.jpg,E:/Research/Project/SplashDrone/data/src/utils\../../Bridges-Data/Bridge3/bridge3_dataset\annotations\bridge3_0000_color_mask.png
E:/Research/Project/SplashDrone/data/src/utils\../../Bridges-Data/Bridge3/bridge3_dataset\images\bridge3_0001.jpg,E:/Research/Project/SplashDrone/data/src/utils\../../Bridges-Data/Bridge3/bridge3_dataset\annotations\bridge3_0001_color_mask.png
E:/Research/Project/SplashDrone/data/src/utils\../../Bridges-Data/Bridge3/bridge3_dataset\images\bridge3_0002.jpg,E:/Research/Project/SplashDrone/data/src/utils\../../Bridges-Data/Bridge3/bridge3_dataset\annotations\bridge3_0002_color_mask.png
E:/Research/Project/SplashDrone/data/src/utils\../../Bridges-Data/Bridge3/bridge3_dataset\images\bridge3_0003.jpg,E:/Research/Project/SplashDrone/data/src/utils\../../Bridges-Data/Bridge3/bridge3_dataset\annotations\bridge3_0003_color_mask.png
E:/Research/Project/SplashDrone/data/src/utils\../../Bridges-Data/Bridge3/bridge3_dataset\images\bridge3_0004.jpg,E:/Research/Project/SplashDrone/data/src/utils\../../Bridges-Data/Bridge3/bridge3_dataset\annotations\bridge3_0004_color_mask.png
E:/Research/Project/SplashDrone/data/src/utils\../../Bridges-Data/Bridge3/bridge3_dataset\images\bridge3_0005.jpg,E:/Research/Project/SplashDrone/data/src/utils\../../Bridges-Data/Bridge3/bridge3_dataset\annotations\bridge3_0005_color_mask.png
E:/Research/Project/SplashDrone/data/src/utils\../../Bridges-Data/Bridge3/bridge3_dataset\images\bridge3_0006.jpg,E:/Research/Project/SplashDrone/data/src/utils\../../Bridges-Data/Bridge3/bridge3_dataset\annotations\bridge3_0006_color_mask.png
E:/Research/Project/SplashDrone/data/src/utils\../../Bridges-Data/Bridge3/bridge3_dataset\images\bridge3_0007.jpg,E:/Research/Project/SplashDrone/data/src/utils\../../Bridges-Data/Bridge3/bridge3_dataset\annotations\bridge3_0007_color_mask.png
E:/Research/Project/SplashDrone/data/src/utils\../../Bridges-Data/Bridge3/bridge3_dataset\images\bridge3_0008.jpg,E:/Research/Project/SplashDrone/data/src/utils\../../Bridges-Data/Bridge3/bridge3_dataset\annotations\bridge3_0008_color_mask.png
E:/Research/Project/SplashDrone/data/src/utils\../../Bridges-Data/Bridge3/bridge3_dataset\images\bridge3_0009.jpg,E:/Research/Project/SplashDrone/data/src/utils\../../Bridges-Data/Bridge3/bridge3_dataset\annotations\bridge3_0009_color_mask.png
E:/Research/Project/SplashDrone/data/src/utils\../../Bridges-Data/Bridge3/bridge3_dataset\images\bridge3_0010.jpg,E:/Research/Project/SplashDrone/data/src/utils\../../Bridges-Data/Bridge3/bridge3_dataset\annotations\bridge3_0010_color_mask.png
E:/Research/Project/SplashDrone/data/src/utils\../../Bridges-Data/Bridge3/bridge3_dataset\images\bridge3_0011.jpg,E:/Research/Project/SplashDrone/data/src/utils\../../Bridges-Data/Bridge3/bridge3_dataset\annotations\bridge3_0011_color_mask.png
E:/Research/Project/SplashDrone/data/src/utils\../../Bridges-Data/Bridge3/bridge3_dataset\images\bridge3_0012.jpg,E:/Research/Project/SplashDrone/data/src/utils\../../Bridges-Data/Bridge3/bridge3_dataset\annotations\bridge3_0012_color_mask.png
E:/Research/Project/SplashDrone/data/src/utils\../../Bridges-Data/Bridge3/bridge3_dataset\images\bridge3_0013.jpg,E:/Research/Project/SplashDrone/data/src/utils\../../Bridges-Data/Bridge3/bridge3_dataset\annotations\bridge3_0013_color_mask.png
E:/Research/Project/SplashDrone/data/src/utils\../../Bridges-Data/Bridge3/bridge3_dataset\images\bridge3_0014.jpg,E:/Research/Project/SplashDrone/data/src/utils\../../Bridges-Data/Bridge3/bridge3_dataset\annotations\bridge3_0014_color_mask.png
E:/Research/Project/SplashDrone/data/src/utils\../../Bridges-Data/Bridge3/bridge3_dataset\images\bridge3_0015.jpg,E:/Research/Project/SplashDrone/data/src/utils\../../Bridges-Data/Bridge3/bridge3_dataset\annotations\bridge3_0015_color_mask.png
E:/Research/Project/SplashDrone/data/src/utils\../../Bridges-Data/Bridge3/bridge3_dataset\images\bridge3_0016.jpg,E:/Research/Project/SplashDrone/data/src/utils\../../Bridges-Data/Bridge3/bridge3_dataset\annotations\bridge3_0016_color_mask.png
E:/Research/Project/SplashDrone/data/src/utils\../../Bridges-Data/Bridge3/bridge3_dataset\images\bridge3_0017.jpg,E:/Research/Project/SplashDrone/data/src/utils\../../Bridges-Data/Bridge3/bridge3_dataset\annotations\bridge3_0017_color_mask.png
E:/Research/Project/SplashDrone/data/src/utils\../../Bridges-Data/Bridge3/bridge3_dataset\images\bridge3_0018.jpg,E:/Research/Project/SplashDrone/data/src/utils\../../Bridges-Data/Bridge3/bridge3_dataset\annotations\bridge3_0018_color_mask.png
E:/Research/Project/SplashDrone/data/src/utils\../../Bridges-Data/Bridge3/bridge3_dataset\images\bridge3_0019.jpg,E:/Research/Project/SplashDrone/data/src/utils\../../Bridges-Data/Bridge3/bridge3_dataset\annotations\bridge3_0019_color_mask.png
E:/Research/Project/SplashDrone/data/src/utils\../../Bridges-Data/Bridge3/bridge3_dataset\images\bridge3_0020.jpg,E:/Research/Project/SplashDrone/data/src/utils\../../Bridges-Data/Bridge3/bridge3_dataset\annotations\bridge3_0020_color_mask.png
E:/Research/Project/SplashDrone/data/src/utils\../../Bridges-Data/Bridge3/bridge3_dataset\images\bridge3_0021.jpg,E:/Research/Project/SplashDrone/data/src/utils\../../Bridges-Data/Bridge3/bridge3_dataset\annotations\bridge3_0021_color_mask.png
E:/Research/Project/SplashDrone/data/src/utils\../../Bridges-Data/Bridge3/bridge3_dataset\images\bridge3_0022.jpg,E:/Research/Project/SplashDrone/data/src/utils\../../Bridges-Data/Bridge3/bridge3_dataset\annotations\bridge3_0022_color_mask.png
E:/Research/Project/SplashDrone/data/src/utils\../../Bridges-Data/Bridge3/bridge3_dataset\images\bridge3_0023.jpg,E:/Research/Project/SplashDrone/data/src/utils\../../Bridges-Data/Bridge3/bridge3_dataset\annotations\bridge3_0023_color_mask.png
E:/Research/Project/SplashDrone/data/src/utils\../../Bridges-Data/Bridge3/bridge3_dataset\images\bridge3_0024.jpg,E:/Research/Project/SplashDrone/data/src/utils\../../Bridges-Data/Bridge3/bridge3_dataset\annotations\bridge3_0024_color_mask.png
E:/Research/Project/SplashDrone/data/src/utils\../../Bridges-Data/Bridge3/bridge3_dataset\images\bridge3_0025.jpg,E:/Research/Project/SplashDrone/data/src/utils\../../Bridges-Data/Bridge3/bridge3_dataset\annotations\bridge3_0025_color_mask.png
E:/Research/Project/SplashDrone/data/src/utils\../../Bridges-Data/Bridge3/bridge3_dataset\images\bridge3_0026.jpg,E:/Research/Project/SplashDrone/data/src/utils\../../Bridges-Data/Bridge3/bridge3_dataset\annotations\bridge3_0026_color_mask.png
E:/Research/Project/SplashDrone/data/src/utils\../../Bridges-Data/Bridge3/bridge3_dataset\images\bridge3_0027.jpg,E:/Research/Project/SplashDrone/data/src/utils\../../Bridges-Data/Bridge3/bridge3_dataset\annotations\bridge3_0027_color_mask.png
E:/Research/Project/SplashDrone/data/src/utils\../../Bridges-Data/Bridge3/bridge3_dataset\images\bridge3_0028.jpg,E:/Research/Project/SplashDrone/data/src/utils\../../Bridges-Data/Bridge3/bridge3_dataset\annotations\bridge3_0028_color_mask.png
E:/Research/Project/SplashDrone/data/src/utils\../../Bridges-Data/Bridge3/bridge3_dataset\images\bridge3_0029.jpg,E:/Research/Project/SplashDrone/data/src/utils\../../Bridges-Data/Bridge3/bridge3_dataset\annotations\bridge3_0029_color_mask.png
E:/Research/Project/SplashDrone/data/src/utils\../../Bridges-Data/Bridge3/bridge3_dataset\images\bridge3_0030.jpg,E:/Research/Project/SplashDrone/data/src/utils\../../Bridges-Data/Bridge3/bridge3_dataset\annotations\bridge3_0030_color_mask.png
E:/Research/Project/SplashDrone/data/src/utils\../../Bridges-Data/Bridge3/bridge3_dataset\images\bridge3_0031.jpg,E:/Research/Project/SplashDrone/data/src/utils\../../Bridges-Data/Bridge3/bridge3_dataset\annotations\bridge3_0031_color_mask.png
E:/Research/Project/SplashDrone/data/src/utils\../../Bridges-Data/Bridge3/bridge3_dataset\images\bridge3_0032.jpg,E:/Research/Project/SplashDrone/data/src/utils\../../Bridges-Data/Bridge3/bridge3_dataset\annotations\bridge3_0032_color_mask.png
E:/Research/Project/SplashDrone/data/src/utils\../../Bridges-Data/Bridge3/bridge3_dataset\images\bridge3_0033.jpg,E:/Research/Project/SplashDrone/data/src/utils\../../Bridges-Data/Bridge3/bridge3_dataset\annotations\bridge3_0033_color_mask.png
E:/Research/Project/SplashDrone/data/src/utils\../../Bridges-Data/Bridge3/bridge3_dataset\images\bridge3_0034.jpg,E:/Research/Project/SplashDrone/data/src/utils\../../Bridges-Data/Bridge3/bridge3_dataset\annotations\bridge3_0034_color_mask.png
E:/Research/Project/SplashDrone/data/src/utils\../../Bridges-Data/Bridge3/bridge3_dataset\images\bridge3_0035.jpg,E:/Research/Project/SplashDrone/data/src/utils\../../Bridges-Data/Bridge3/bridge3_dataset\annotations\bridge3_0035_color_mask.png
E:/Research/Project/SplashDrone/data/src/utils\../../Bridges-Data/Bridge3/bridge3_dataset\images\bridge3_0036.jpg,E:/Research/Project/SplashDrone/data/src/utils\../../Bridges-Data/Bridge3/bridge3_dataset\annotations\bridge3_0036_color_mask.png
E:/Research/Project/SplashDrone/data/src/utils\../../Bridges-Data/Bridge3/bridge3_dataset\images\bridge3_0037.jpg,E:/Research/Project/SplashDrone/data/src/utils\../../Bridges-Data/Bridge3/bridge3_dataset\annotations\bridge3_0037_color_mask.png
E:/Research/Project/SplashDrone/data/src/utils\../../Bridges-Data/Bridge3/bridge3_dataset\images\bridge3_0038.jpg,E:/Research/Project/SplashDrone/data/src/utils\../../Bridges-Data/Bridge3/bridge3_dataset\annotations\bridge3_0038_color_mask.png
E:/Research/Project/SplashDrone/data/src/utils\../../Bridges-Data/Bridge3/bridge3_dataset\images\bridge3_0039.jpg,E:/Research/Project/SplashDrone/data/src/utils\../../Bridges-Data/Bridge3/bridge3_dataset\annotations\bridge3_0039_color_mask.png
E:/Research/Project/SplashDrone/data/src/utils\../../Bridges-Data/Bridge3/bridge3_dataset\images\bridge3_0040.jpg,E:/Research/Project/SplashDrone/data/src/utils\../../Bridges-Data/Bridge3/bridge3_dataset\annotations\bridge3_0040_color_mask.png
E:/Research/Project/SplashDrone/data/src/utils\../../Bridges-Data/Bridge3/bridge3_dataset\images\bridge3_0041.jpg,E:/Research/Project/SplashDrone/data/src/utils\../../Bridges-Data/Bridge3/bridge3_dataset\annotations\bridge3_0041_color_mask.png
E:/Research/Project/SplashDrone/data/src/utils\../../Bridges-Data/Bridge3/bridge3_dataset\images\bridge3_0042.jpg,E:/Research/Project/SplashDrone/data/src/utils\../../Bridges-Data/Bridge3/bridge3_dataset\annotations\bridge3_0042_color_mask.png
E:/Research/Project/SplashDrone/data/src/utils\../../Bridges-Data/Bridge3/bridge3_dataset\images\bridge3_0043.jpg,E:/Research/Project/SplashDrone/data/src/utils\../../Bridges-Data/Bridge3/bridge3_dataset\annotations\bridge3_0043_color_mask.png
E:/Research/Project/SplashDrone/data/src/utils\../../Bridges-Data/Bridge3/bridge3_dataset\images\bridge3_0044.jpg,E:/Research/Project/SplashDrone/data/src/utils\../../Bridges-Data/Bridge3/bridge3_dataset\annotations\bridge3_0044_color_mask.png
E:/Research/Project/SplashDrone/data/src/utils\../../Bridges-Data/Bridge3/bridge3_dataset\images\bridge3_0045.jpg,E:/Research/Project/SplashDrone/data/src/utils\../../Bridges-Data/Bridge3/bridge3_dataset\annotations\bridge3_0045_color_mask.png
E:/Research/Project/SplashDrone/data/src/utils\../../Bridges-Data/Bridge3/bridge3_dataset\images\bridge3_0046.jpg,E:/Research/Project/SplashDrone/data/src/utils\../../Bridges-Data/Bridge3/bridge3_dataset\annotations\bridge3_0046_color_mask.png
E:/Research/Project/SplashDrone/data/src/utils\../../Bridges-Data/Bridge3/bridge3_dataset\images\bridge3_0047.jpg,E:/Research/Project/SplashDrone/data/src/utils\../../Bridges-Data/Bridge3/bridge3_dataset\annotations\bridge3_0047_color_mask.png
E:/Research/Project/SplashDrone/data/src/utils\../../Bridges-Data/Bridge3/bridge3_dataset\images\bridge3_0048.jpg,E:/Research/Project/SplashDrone/data/src/utils\../../Bridges-Data/Bridge3/bridge3_dataset\annotations\bridge3_0048_color_mask.png
E:/Research/Project/SplashDrone/data/src/utils\../../Bridges-Data/Bridge3/bridge3_dataset\images\bridge3_0049.jpg,E:/Research/Project/SplashDrone/data/src/utils\../../Bridges-Data/Bridge3/bridge3_dataset\annotations\bridge3_0049_color_mask.png
E:/Research/Project/SplashDrone/data/src/utils\../../Bridges-Data/Bridge3/bridge3_dataset\images\bridge3_0050.jpg,E:/Research/Project/SplashDrone/data/src/utils\../../Bridges-Data/Bridge3/bridge3_dataset\annotations\bridge3_0050_color_mask.png
E:/Research/Project/SplashDrone/data/src/utils\../../Bridges-Data/Bridge3/bridge3_dataset\images\bridge3_0051.jpg,E:/Research/Project/SplashDrone/data/src/utils\../../Bridges-Data/Bridge3/bridge3_dataset\annotations\bridge3_0051_color_mask.png
E:/Research/Project/SplashDrone/data/src/utils\../../Bridges-Data/Bridge3/bridge3_dataset\images\bridge3_0052.jpg,E:/Research/Project/SplashDrone/data/src/utils\../../Bridges-Data/Bridge3/bridge3_dataset\annotations\bridge3_0052_color_mask.png
E:/Research/Project/SplashDrone/data/src/utils\../../Bridges-Data/Bridge3/bridge3_dataset\images\bridge3_0053.jpg,E:/Research/Project/SplashDrone/data/src/utils\../../Bridges-Data/Bridge3/bridge3_dataset\annotations\bridge3_0053_color_mask.png
E:/Research/Project/SplashDrone/data/src/utils\../../Bridges-Data/Bridge3/bridge3_dataset\images\bridge3_0054.jpg,E:/Research/Project/SplashDrone/data/src/utils\../../Bridges-Data/Bridge3/bridge3_dataset\annotations\bridge3_0054_color_mask.png
E:/Research/Project/SplashDrone/data/src/utils\../../Bridges-Data/Bridge3/bridge3_dataset\images\bridge3_0055.jpg,E:/Research/Project/SplashDrone/data/src/utils\../../Bridges-Data/Bridge3/bridge3_dataset\annotations\bridge3_0055_color_mask.png
E:/Research/Project/SplashDrone/data/src/utils\../../Bridges-Data/Bridge4/bridge4_dataset\images\bridge4_0000.jpg,E:/Research/Project/SplashDrone/data/src/utils\../../Bridges-Data/Bridge4/bridge4_dataset\annotations\bridge4_0000_color_mask.png
E:/Research/Project/SplashDrone/data/src/utils\../../Bridges-Data/Bridge4/bridge4_dataset\images\bridge4_0001.jpg,E:/Research/Project/SplashDrone/data/src/utils\../../Bridges-Data/Bridge4/bridge4_dataset\annotations\bridge4_0001_color_mask.png
E:/Research/Project/SplashDrone/data/src/utils\../../Bridges-Data/Bridge4/bridge4_dataset\images\bridge4_0002.jpg,E:/Research/Project/SplashDrone/data/src/utils\../../Bridges-Data/Bridge4/bridge4_dataset\annotations\bridge4_0002_color_mask.png
E:/Research/Project/SplashDrone/data/src/utils\../../Bridges-Data/Bridge4/bridge4_dataset\images\bridge4_0003.jpg,E:/Research/Project/SplashDrone/data/src/utils\../../Bridges-Data/Bridge4/bridge4_dataset\annotations\bridge4_0003_color_mask.png
E:/Research/Project/SplashDrone/data/src/utils\../../Bridges-Data/Bridge4/bridge4_dataset\images\bridge4_0004.jpg,E:/Research/Project/SplashDrone/data/src/utils\../../Bridges-Data/Bridge4/bridge4_dataset\annotations\bridge4_0004_color_mask.png
E:/Research/Project/SplashDrone/data/src/utils\../../Bridges-Data/Bridge4/bridge4_dataset\images\bridge4_0005.jpg,E:/Research/Project/SplashDrone/data/src/utils\../../Bridges-Data/Bridge4/bridge4_dataset\annotations\bridge4_0005_color_mask.png
E:/Research/Project/SplashDrone/data/src/utils\../../Bridges-Data/Bridge4/bridge4_dataset\images\bridge4_0006.jpg,E:/Research/Project/SplashDrone/data/src/utils\../../Bridges-Data/Bridge4/bridge4_dataset\annotations\bridge4_0006_color_mask.png
E:/Research/Project/SplashDrone/data/src/utils\../../Bridges-Data/Bridge4/bridge4_dataset\images\bridge4_0007.jpg,E:/Research/Project/SplashDrone/data/src/utils\../../Bridges-Data/Bridge4/bridge4_dataset\annotations\bridge4_0007_color_mask.png
E:/Research/Project/SplashDrone/data/src/utils\../../Bridges-Data/Bridge4/bridge4_dataset\images\bridge4_0008.jpg,E:/Research/Project/SplashDrone/data/src/utils\../../Bridges-Data/Bridge4/bridge4_dataset\annotations\bridge4_0008_color_mask.png
E:/Research/Project/SplashDrone/data/src/utils\../../Bridges-Data/Bridge4/bridge4_dataset\images\bridge4_0009.jpg,E:/Research/Project/SplashDrone/data/src/utils\../../Bridges-Data/Bridge4/bridge4_dataset\annotations\bridge4_0009_color_mask.png
E:/Research/Project/SplashDrone/data/src/utils\../../Bridges-Data/Bridge4/bridge4_dataset\images\bridge4_0010.jpg,E:/Research/Project/SplashDrone/data/src/utils\../../Bridges-Data/Bridge4/bridge4_dataset\annotations\bridge4_0010_color_mask.png
E:/Research/Project/SplashDrone/data/src/utils\../../Bridges-Data/Bridge4/bridge4_dataset\images\bridge4_0011.jpg,E:/Research/Project/SplashDrone/data/src/utils\../../Bridges-Data/Bridge4/bridge4_dataset\annotations\bridge4_0011_color_mask.png
E:/Research/Project/SplashDrone/data/src/utils\../../Bridges-Data/Bridge4/bridge4_dataset\images\bridge4_0012.jpg,E:/Research/Project/SplashDrone/data/src/utils\../../Bridges-Data/Bridge4/bridge4_dataset\annotations\bridge4_0012_color_mask.png
E:/Research/Project/SplashDrone/data/src/utils\../../Bridges-Data/Bridge4/bridge4_dataset\images\bridge4_0013.jpg,E:/Research/Project/SplashDrone/data/src/utils\../../Bridges-Data/Bridge4/bridge4_dataset\annotations\bridge4_0013_color_mask.png
E:/Research/Project/SplashDrone/data/src/utils\../../Bridges-Data/Bridge4/bridge4_dataset\images\bridge4_0014.jpg,E:/Research/Project/SplashDrone/data/src/utils\../../Bridges-Data/Bridge4/bridge4_dataset\annotations\bridge4_0014_color_mask.png
E:/Research/Project/SplashDrone/data/src/utils\../../Bridges-Data/Bridge4/bridge4_dataset\images\bridge4_0015.jpg,E:/Research/Project/SplashDrone/data/src/utils\../../Bridges-Data/Bridge4/bridge4_dataset\annotations\bridge4_0015_color_mask.png
E:/Research/Project/SplashDrone/data/src/utils\../../Bridges-Data/Bridge4/bridge4_dataset\images\bridge4_0016.jpg,E:/Research/Project/SplashDrone/data/src/utils\../../Bridges-Data/Bridge4/bridge4_dataset\annotations\bridge4_0016_color_mask.png
E:/Research/Project/SplashDrone/data/src/utils\../../Bridges-Data/Bridge4/bridge4_dataset\images\bridge4_0017.jpg,E:/Research/Project/SplashDrone/data/src/utils\../../Bridges-Data/Bridge4/bridge4_dataset\annotations\bridge4_0017_color_mask.png
E:/Research/Project/SplashDrone/data/src/utils\../../Bridges-Data/Bridge4/bridge4_dataset\images\bridge4_0018.jpg,E:/Research/Project/SplashDrone/data/src/utils\../../Bridges-Data/Bridge4/bridge4_dataset\annotations\bridge4_0018_color_mask.png
E:/Research/Project/SplashDrone/data/src/utils\../../Bridges-Data/Bridge4/bridge4_dataset\images\bridge4_0019.jpg,E:/Research/Project/SplashDrone/data/src/utils\../../Bridges-Data/Bridge4/bridge4_dataset\annotations\bridge4_0019_color_mask.png
E:/Research/Project/SplashDrone/data/src/utils\../../Bridges-Data/Bridge4/bridge4_dataset\images\bridge4_0020.jpg,E:/Research/Project/SplashDrone/data/src/utils\../../Bridges-Data/Bridge4/bridge4_dataset\annotations\bridge4_0020_color_mask.png
E:/Research/Project/SplashDrone/data/src/utils\../../Bridges-Data/Bridge4/bridge4_dataset\images\bridge4_0021.jpg,E:/Research/Project/SplashDrone/data/src/utils\../../Bridges-Data/Bridge4/bridge4_dataset\annotations\bridge4_0021_color_mask.png
E:/Research/Project/SplashDrone/data/src/utils\../../Bridges-Data/Bridge4/bridge4_dataset\images\bridge4_0022.jpg,E:/Research/Project/SplashDrone/data/src/utils\../../Bridges-Data/Bridge4/bridge4_dataset\annotations\bridge4_0022_color_mask.png
E:/Research/Project/SplashDrone/data/src/utils\../../Bridges-Data/Bridge4/bridge4_dataset\images\bridge4_0023.jpg,E:/Research/Project/SplashDrone/data/src/utils\../../Bridges-Data/Bridge4/bridge4_dataset\annotations\bridge4_0023_color_mask.png
E:/Research/Project/SplashDrone/data/src/utils\../../Bridges-Data/Bridge4/bridge4_dataset\images\bridge4_0024.jpg,E:/Research/Project/SplashDrone/data/src/utils\../../Bridges-Data/Bridge4/bridge4_dataset\annotations\bridge4_0024_color_mask.png
E:/Research/Project/SplashDrone/data/src/utils\../../Bridges-Data/Bridge4/bridge4_dataset\images\bridge4_0025.jpg,E:/Research/Project/SplashDrone/data/src/utils\../../Bridges-Data/Bridge4/bridge4_dataset\annotations\bridge4_0025_color_mask.png
E:/Research/Project/SplashDrone/data/src/utils\../../Bridges-Data/Bridge4/bridge4_dataset\images\bridge4_0026.jpg,E:/Research/Project/SplashDrone/data/src/utils\../../Bridges-Data/Bridge4/bridge4_dataset\annotations\bridge4_0026_color_mask.png
E:/Research/Project/SplashDrone/data/src/utils\../../Bridges-Data/Bridge4/bridge4_dataset\images\bridge4_0027.jpg,E:/Research/Project/SplashDrone/data/src/utils\../../Bridges-Data/Bridge4/bridge4_dataset\annotations\bridge4_0027_color_mask.png
E:/Research/Project/SplashDrone/data/src/utils\../../Bridges-Data/Bridge4/bridge4_dataset\images\bridge4_0028.jpg,E:/Research/Project/SplashDrone/data/src/utils\../../Bridges-Data/Bridge4/bridge4_dataset\annotations\bridge4_0028_color_mask.png
E:/Research/Project/SplashDrone/data/src/utils\../../Bridges-Data/Bridge4/bridge4_dataset\images\bridge4_0029.jpg,E:/Research/Project/SplashDrone/data/src/utils\../../Bridges-Data/Bridge4/bridge4_dataset\annotations\bridge4_0029_color_mask.png
E:/Research/Project/SplashDrone/data/src/utils\../../Bridges-Data/Bridge4/bridge4_dataset\images\bridge4_0030.jpg,E:/Research/Project/SplashDrone/data/src/utils\../../Bridges-Data/Bridge4/bridge4_dataset\annotations\bridge4_0030_color_mask.png
E:/Research/Project/SplashDrone/data/src/utils\../../Bridges-Data/Bridge4/bridge4_dataset\images\bridge4_0031.jpg,E:/Research/Project/SplashDrone/data/src/utils\../../Bridges-Data/Bridge4/bridge4_dataset\annotations\bridge4_0031_color_mask.png
E:/Research/Project/SplashDrone/data/src/utils\../../Bridges-Data/Bridge4/bridge4_dataset\images\bridge4_0032.jpg,E:/Research/Project/SplashDrone/data/src/utils\../../Bridges-Data/Bridge4/bridge4_dataset\annotations\bridge4_0032_color_mask.png
E:/Research/Project/SplashDrone/data/src/utils\../../Bridges-Data/Bridge4/bridge4_dataset\images\bridge4_0033.jpg,E:/Research/Project/SplashDrone/data/src/utils\../../Bridges-Data/Bridge4/bridge4_dataset\annotations\bridge4_0033_color_mask.png
E:/Research/Project/SplashDrone/data/src/utils\../../Bridges-Data/Bridge4/bridge4_dataset\images\bridge4_0034.jpg,E:/Research/Project/SplashDrone/data/src/utils\../../Bridges-Data/Bridge4/bridge4_dataset\annotations\bridge4_0034_color_mask.png
E:/Research/Project/SplashDrone/data/src/utils\../../Bridges-Data/Bridge4/bridge4_dataset\images\bridge4_0035.jpg,E:/Research/Project/SplashDrone/data/src/utils\../../Bridges-Data/Bridge4/bridge4_dataset\annotations\bridge4_0035_color_mask.png
E:/Research/Project/SplashDrone/data/src/utils\../../Bridges-Data/Bridge4/bridge4_dataset\images\bridge4_0036.jpg,E:/Research/Project/SplashDrone/data/src/utils\../../Bridges-Data/Bridge4/bridge4_dataset\annotations\bridge4_0036_color_mask.png
E:/Research/Project/SplashDrone/data/src/utils\../../Bridges-Data/Bridge4/bridge4_dataset\images\bridge4_0037.jpg,E:/Research/Project/SplashDrone/data/src/utils\../../Bridges-Data/Bridge4/bridge4_dataset\annotations\bridge4_0037_color_mask.png
E:/Research/Project/SplashDrone/data/src/utils\../../Bridges-Data/Bridge4/bridge4_dataset\images\bridge4_0038.jpg,E:/Research/Project/SplashDrone/data/src/utils\../../Bridges-Data/Bridge4/bridge4_dataset\annotations\bridge4_0038_color_mask.png
E:/Research/Project/SplashDrone/data/src/utils\../../Bridges-Data/Bridge4/bridge4_dataset\images\bridge4_0039.jpg,E:/Research/Project/SplashDrone/data/src/utils\../../Bridges-Data/Bridge4/bridge4_dataset\annotations\bridge4_0039_color_mask.png
E:/Research/Project/SplashDrone/data/src/utils\../../Bridges-Data/Bridge4/bridge4_dataset\images\bridge4_0040.jpg,E:/Research/Project/SplashDrone/data/src/utils\../../Bridges-Data/Bridge4/bridge4_dataset\annotations\bridge4_0040_color_mask.png
E:/Research/Project/SplashDrone/data/src/utils\../../Bridges-Data/Bridge4/bridge4_dataset\images\bridge4_0041.jpg,E:/Research/Project/SplashDrone/data/src/utils\../../Bridges-Data/Bridge4/bridge4_dataset\annotations\bridge4_0041_color_mask.png
E:/Research/Project/SplashDrone/data/src/utils\../../Bridges-Data/Bridge4/bridge4_dataset\images\bridge4_0042.jpg,E:/Research/Project/SplashDrone/data/src/utils\../../Bridges-Data/Bridge4/bridge4_dataset\annotations\bridge4_0042_color_mask.png
E:/Research/Project/SplashDrone/data/src/utils\../../Bridges-Data/Bridge4/bridge4_dataset\images\bridge4_0043.jpg,E:/Research/Project/SplashDrone/data/src/utils\../../Bridges-Data/Bridge4/bridge4_dataset\annotations\bridge4_0043_color_mask.png
E:/Research/Project/SplashDrone/data/src/utils\../../Bridges-Data/Bridge4/bridge4_dataset\images\bridge4_0044.jpg,E:/Research/Project/SplashDrone/data/src/utils\../../Bridges-Data/Bridge4/bridge4_dataset\annotations\bridge4_0044_color_mask.png
E:/Research/Project/SplashDrone/data/src/utils\../../Bridges-Data/Bridge4/bridge4_dataset\images\bridge4_0045.jpg,E:/Research/Project/SplashDrone/data/src/utils\../../Bridges-Data/Bridge4/bridge4_dataset\annotations\bridge4_0045_color_mask.png
E:/Research/Project/SplashDrone/data/src/utils\../../Bridges-Data/Bridge4/bridge4_dataset\images\bridge4_0046.jpg,E:/Research/Project/SplashDrone/data/src/utils\../../Bridges-Data/Bridge4/bridge4_dataset\annotations\bridge4_0046_color_mask.png
E:/Research/Project/SplashDrone/data/src/utils\../../Bridges-Data/Bridge4/bridge4_dataset\images\bridge4_0047.jpg,E:/Research/Project/SplashDrone/data/src/utils\../../Bridges-Data/Bridge4/bridge4_dataset\annotations\bridge4_0047_color_mask.png
E:/Research/Project/SplashDrone/data/src/utils\../../Bridges-Data/Bridge4/bridge4_dataset\images\bridge4_0048.jpg,E:/Research/Project/SplashDrone/data/src/utils\../../Bridges-Data/Bridge4/bridge4_dataset\annotations\bridge4_0048_color_mask.png
E:/Research/Project/SplashDrone/data/src/utils\../../Bridges-Data/Bridge4/bridge4_dataset\images\bridge4_0049.jpg,E:/Research/Project/SplashDrone/data/src/utils\../../Bridges-Data/Bridge4/bridge4_dataset\annotations\bridge4_0049_color_mask.png
E:/Research/Project/SplashDrone/data/src/utils\../../Bridges-Data/Bridge4/bridge4_dataset\images\bridge4_0050.jpg,E:/Research/Project/SplashDrone/data/src/utils\../../Bridges-Data/Bridge4/bridge4_dataset\annotations\bridge4_0050_color_mask.png
E:/Research/Project/SplashDrone/data/src/utils\../../Bridges-Data/Bridge4/bridge4_dataset\images\bridge4_0051.jpg,E:/Research/Project/SplashDrone/data/src/utils\../../Bridges-Data/Bridge4/bridge4_dataset\annotations\bridge4_0051_color_mask.png
E:/Research/Project/SplashDrone/data/src/utils\../../Bridges-Data/Bridge4/bridge4_dataset\images\bridge4_0052.jpg,E:/Research/Project/SplashDrone/data/src/utils\../../Bridges-Data/Bridge4/bridge4_dataset\annotations\bridge4_0052_color_mask.png
E:/Research/Project/SplashDrone/data/src/utils\../../Bridges-Data/Bridge4/bridge4_dataset\images\bridge4_0053.jpg,E:/Research/Project/SplashDrone/data/src/utils\../../Bridges-Data/Bridge4/bridge4_dataset\annotations\bridge4_0053_color_mask.png
E:/Research/Project/SplashDrone/data/src/utils\../../Bridges-Data/Bridge4/bridge4_dataset\images\bridge4_0054.jpg,E:/Research/Project/SplashDrone/data/src/utils\../../Bridges-Data/Bridge4/bridge4_dataset\annotations\bridge4_0054_color_mask.png
E:/Research/Project/SplashDrone/data/src/utils\../../Bridges-Data/Bridge4/bridge4_dataset\images\bridge4_0055.jpg,E:/Research/Project/SplashDrone/data/src/utils\../../Bridges-Data/Bridge4/bridge4_dataset\annotations\bridge4_0055_color_mask.png
