E:/Research/Project/SplashDrone/data/src/utils\../../WildcatCreek-Data\images\wildcat-0000.jpg,E:/Research/Project/SplashDrone/data/src/utils\../../WildcatCreek-Data\annotations_binary\wildcat-mask-0000.png
E:/Research/Project/SplashDrone/data/src/utils\../../WildcatCreek-Data\images\wildcat-0001.jpg,E:/Research/Project/SplashDrone/data/src/utils\../../WildcatCreek-Data\annotations_binary\wildcat-mask-0001.png
E:/Research/Project/SplashDrone/data/src/utils\../../WildcatCreek-Data\images\wildcat-0002.jpg,E:/Research/Project/SplashDrone/data/src/utils\../../WildcatCreek-Data\annotations_binary\wildcat-mask-0002.png
E:/Research/Project/SplashDrone/data/src/utils\../../WildcatCreek-Data\images\wildcat-0003.jpg,E:/Research/Project/SplashDrone/data/src/utils\../../WildcatCreek-Data\annotations_binary\wildcat-mask-0003.png
E:/Research/Project/SplashDrone/data/src/utils\../../WildcatCreek-Data\images\wildcat-0004.jpg,E:/Research/Project/SplashDrone/data/src/utils\../../WildcatCreek-Data\annotations_binary\wildcat-mask-0004.png
E:/Research/Project/SplashDrone/data/src/utils\../../WildcatCreek-Data\images\wildcat-0005.jpg,E:/Research/Project/SplashDrone/data/src/utils\../../WildcatCreek-Data\annotations_binary\wildcat-mask-0005.png
E:/Research/Project/SplashDrone/data/src/utils\../../WildcatCreek-Data\images\wildcat-0006.jpg,E:/Research/Project/SplashDrone/data/src/utils\../../WildcatCreek-Data\annotations_binary\wildcat-mask-0006.png
E:/Research/Project/SplashDrone/data/src/utils\../../WildcatCreek-Data\images\wildcat-0007.jpg,E:/Research/Project/SplashDrone/data/src/utils\../../WildcatCreek-Data\annotations_binary\wildcat-mask-0007.png
E:/Research/Project/SplashDrone/data/src/utils\../../WildcatCreek-Data\images\wildcat-0008.jpg,E:/Research/Project/SplashDrone/data/src/utils\../../WildcatCreek-Data\annotations_binary\wildcat-mask-0008.png
E:/Research/Project/SplashDrone/data/src/utils\../../WildcatCreek-Data\images\wildcat-0009.jpg,E:/Research/Project/SplashDrone/data/src/utils\../../WildcatCreek-Data\annotations_binary\wildcat-mask-0009.png
E:/Research/Project/SplashDrone/data/src/utils\../../WildcatCreek-Data\images\wildcat-0010.jpg,E:/Research/Project/SplashDrone/data/src/utils\../../WildcatCreek-Data\annotations_binary\wildcat-mask-0010.png
E:/Research/Project/SplashDrone/data/src/utils\../../WildcatCreek-Data\images\wildcat-0011.jpg,E:/Research/Project/SplashDrone/data/src/utils\../../WildcatCreek-Data\annotations_binary\wildcat-mask-0011.png
E:/Research/Project/SplashDrone/data/src/utils\../../WildcatCreek-Data\images\wildcat-0012.jpg,E:/Research/Project/SplashDrone/data/src/utils\../../WildcatCreek-Data\annotations_binary\wildcat-mask-0012.png
E:/Research/Project/SplashDrone/data/src/utils\../../WildcatCreek-Data\images\wildcat-0013.jpg,E:/Research/Project/SplashDrone/data/src/utils\../../WildcatCreek-Data\annotations_binary\wildcat-mask-0013.png
E:/Research/Project/SplashDrone/data/src/utils\../../WildcatCreek-Data\images\wildcat-0014.jpg,E:/Research/Project/SplashDrone/data/src/utils\../../WildcatCreek-Data\annotations_binary\wildcat-mask-0014.png
E:/Research/Project/SplashDrone/data/src/utils\../../WildcatCreek-Data\images\wildcat-0015.jpg,E:/Research/Project/SplashDrone/data/src/utils\../../WildcatCreek-Data\annotations_binary\wildcat-mask-0015.png
E:/Research/Project/SplashDrone/data/src/utils\../../WildcatCreek-Data\images\wildcat-0016.jpg,E:/Research/Project/SplashDrone/data/src/utils\../../WildcatCreek-Data\annotations_binary\wildcat-mask-0016.png
E:/Research/Project/SplashDrone/data/src/utils\../../WildcatCreek-Data\images\wildcat-0017.jpg,E:/Research/Project/SplashDrone/data/src/utils\../../WildcatCreek-Data\annotations_binary\wildcat-mask-0017.png
E:/Research/Project/SplashDrone/data/src/utils\../../WildcatCreek-Data\images\wildcat-0018.jpg,E:/Research/Project/SplashDrone/data/src/utils\../../WildcatCreek-Data\annotations_binary\wildcat-mask-0018.png
E:/Research/Project/SplashDrone/data/src/utils\../../WildcatCreek-Data\images\wildcat-0019.jpg,E:/Research/Project/SplashDrone/data/src/utils\../../WildcatCreek-Data\annotations_binary\wildcat-mask-0019.png
E:/Research/Project/SplashDrone/data/src/utils\../../WildcatCreek-Data\images\wildcat-0020.jpg,E:/Research/Project/SplashDrone/data/src/utils\../../WildcatCreek-Data\annotations_binary\wildcat-mask-0020.png
E:/Research/Project/SplashDrone/data/src/utils\../../WildcatCreek-Data\images\wildcat-0021.jpg,E:/Research/Project/SplashDrone/data/src/utils\../../WildcatCreek-Data\annotations_binary\wildcat-mask-0021.png
E:/Research/Project/SplashDrone/data/src/utils\../../WildcatCreek-Data\images\wildcat-0022.jpg,E:/Research/Project/SplashDrone/data/src/utils\../../WildcatCreek-Data\annotations_binary\wildcat-mask-0022.png
E:/Research/Project/SplashDrone/data/src/utils\../../WildcatCreek-Data\images\wildcat-0023.jpg,E:/Research/Project/SplashDrone/data/src/utils\../../WildcatCreek-Data\annotations_binary\wildcat-mask-0023.png
E:/Research/Project/SplashDrone/data/src/utils\../../WildcatCreek-Data\images\wildcat-0024.jpg,E:/Research/Project/SplashDrone/data/src/utils\../../WildcatCreek-Data\annotations_binary\wildcat-mask-0024.png
E:/Research/Project/SplashDrone/data/src/utils\../../WildcatCreek-Data\images\wildcat-0025.jpg,E:/Research/Project/SplashDrone/data/src/utils\../../WildcatCreek-Data\annotations_binary\wildcat-mask-0025.png
E:/Research/Project/SplashDrone/data/src/utils\../../WildcatCreek-Data\images\wildcat-0026.jpg,E:/Research/Project/SplashDrone/data/src/utils\../../WildcatCreek-Data\annotations_binary\wildcat-mask-0026.png
E:/Research/Project/SplashDrone/data/src/utils\../../WildcatCreek-Data\images\wildcat-0027.jpg,E:/Research/Project/SplashDrone/data/src/utils\../../WildcatCreek-Data\annotations_binary\wildcat-mask-0027.png
E:/Research/Project/SplashDrone/data/src/utils\../../WildcatCreek-Data\images\wildcat-0028.jpg,E:/Research/Project/SplashDrone/data/src/utils\../../WildcatCreek-Data\annotations_binary\wildcat-mask-0028.png
E:/Research/Project/SplashDrone/data/src/utils\../../WildcatCreek-Data\images\wildcat-0029.jpg,E:/Research/Project/SplashDrone/data/src/utils\../../WildcatCreek-Data\annotations_binary\wildcat-mask-0029.png
E:/Research/Project/SplashDrone/data/src/utils\../../WildcatCreek-Data\images\wildcat-0030.jpg,E:/Research/Project/SplashDrone/data/src/utils\../../WildcatCreek-Data\annotations_binary\wildcat-mask-0030.png
E:/Research/Project/SplashDrone/data/src/utils\../../WildcatCreek-Data\images\wildcat-0031.jpg,E:/Research/Project/SplashDrone/data/src/utils\../../WildcatCreek-Data\annotations_binary\wildcat-mask-0031.png
E:/Research/Project/SplashDrone/data/src/utils\../../WildcatCreek-Data\images\wildcat-0032.jpg,E:/Research/Project/SplashDrone/data/src/utils\../../WildcatCreek-Data\annotations_binary\wildcat-mask-0032.png
E:/Research/Project/SplashDrone/data/src/utils\../../WildcatCreek-Data\images\wildcat-0033.jpg,E:/Research/Project/SplashDrone/data/src/utils\../../WildcatCreek-Data\annotations_binary\wildcat-mask-0033.png
E:/Research/Project/SplashDrone/data/src/utils\../../WildcatCreek-Data\images\wildcat-0034.jpg,E:/Research/Project/SplashDrone/data/src/utils\../../WildcatCreek-Data\annotations_binary\wildcat-mask-0034.png
E:/Research/Project/SplashDrone/data/src/utils\../../WildcatCreek-Data\images\wildcat-0035.jpg,E:/Research/Project/SplashDrone/data/src/utils\../../WildcatCreek-Data\annotations_binary\wildcat-mask-0035.png
E:/Research/Project/SplashDrone/data/src/utils\../../WildcatCreek-Data\images\wildcat-0036.jpg,E:/Research/Project/SplashDrone/data/src/utils\../../WildcatCreek-Data\annotations_binary\wildcat-mask-0036.png
E:/Research/Project/SplashDrone/data/src/utils\../../WildcatCreek-Data\images\wildcat-0037.jpg,E:/Research/Project/SplashDrone/data/src/utils\../../WildcatCreek-Data\annotations_binary\wildcat-mask-0037.png
E:/Research/Project/SplashDrone/data/src/utils\../../WildcatCreek-Data\images\wildcat-0038.jpg,E:/Research/Project/SplashDrone/data/src/utils\../../WildcatCreek-Data\annotations_binary\wildcat-mask-0038.png
E:/Research/Project/SplashDrone/data/src/utils\../../WildcatCreek-Data\images\wildcat-0039.jpg,E:/Research/Project/SplashDrone/data/src/utils\../../WildcatCreek-Data\annotations_binary\wildcat-mask-0039.png
E:/Research/Project/SplashDrone/data/src/utils\../../WildcatCreek-Data\images\wildcat-0040.jpg,E:/Research/Project/SplashDrone/data/src/utils\../../WildcatCreek-Data\annotations_binary\wildcat-mask-0040.png
E:/Research/Project/SplashDrone/data/src/utils\../../WildcatCreek-Data\images\wildcat-0041.jpg,E:/Research/Project/SplashDrone/data/src/utils\../../WildcatCreek-Data\annotations_binary\wildcat-mask-0041.png
E:/Research/Project/SplashDrone/data/src/utils\../../WildcatCreek-Data\images\wildcat-0042.jpg,E:/Research/Project/SplashDrone/data/src/utils\../../WildcatCreek-Data\annotations_binary\wildcat-mask-0042.png
E:/Research/Project/SplashDrone/data/src/utils\../../WildcatCreek-Data\images\wildcat-0043.jpg,E:/Research/Project/SplashDrone/data/src/utils\../../WildcatCreek-Data\annotations_binary\wildcat-mask-0043.png
E:/Research/Project/SplashDrone/data/src/utils\../../WildcatCreek-Data\images\wildcat-0044.jpg,E:/Research/Project/SplashDrone/data/src/utils\../../WildcatCreek-Data\annotations_binary\wildcat-mask-0044.png
E:/Research/Project/SplashDrone/data/src/utils\../../WildcatCreek-Data\images\wildcat-0045.jpg,E:/Research/Project/SplashDrone/data/src/utils\../../WildcatCreek-Data\annotations_binary\wildcat-mask-0045.png
E:/Research/Project/SplashDrone/data/src/utils\../../WildcatCreek-Data\images\wildcat-0046.jpg,E:/Research/Project/SplashDrone/data/src/utils\../../WildcatCreek-Data\annotations_binary\wildcat-mask-0046.png
E:/Research/Project/SplashDrone/data/src/utils\../../WildcatCreek-Data\images\wildcat-0047.jpg,E:/Research/Project/SplashDrone/data/src/utils\../../WildcatCreek-Data\annotations_binary\wildcat-mask-0047.png
E:/Research/Project/SplashDrone/data/src/utils\../../WildcatCreek-Data\images\wildcat-0048.jpg,E:/Research/Project/SplashDrone/data/src/utils\../../WildcatCreek-Data\annotations_binary\wildcat-mask-0048.png
E:/Research/Project/SplashDrone/data/src/utils\../../WildcatCreek-Data\images\wildcat-0049.jpg,E:/Research/Project/SplashDrone/data/src/utils\../../WildcatCreek-Data\annotations_binary\wildcat-mask-0049.png
E:/Research/Project/SplashDrone/data/src/utils\../../WildcatCreek-Data\images\wildcat-0050.jpg,E:/Research/Project/SplashDrone/data/src/utils\../../WildcatCreek-Data\annotations_binary\wildcat-mask-0050.png
E:/Research/Project/SplashDrone/data/src/utils\../../WildcatCreek-Data\images\wildcat-0051.jpg,E:/Research/Project/SplashDrone/data/src/utils\../../WildcatCreek-Data\annotations_binary\wildcat-mask-0051.png
E:/Research/Project/SplashDrone/data/src/utils\../../WildcatCreek-Data\images\wildcat-0052.jpg,E:/Research/Project/SplashDrone/data/src/utils\../../WildcatCreek-Data\annotations_binary\wildcat-mask-0052.png
E:/Research/Project/SplashDrone/data/src/utils\../../WildcatCreek-Data\images\wildcat-0053.jpg,E:/Research/Project/SplashDrone/data/src/utils\../../WildcatCreek-Data\annotations_binary\wildcat-mask-0053.png
E:/Research/Project/SplashDrone/data/src/utils\../../WildcatCreek-Data\images\wildcat-0054.jpg,E:/Research/Project/SplashDrone/data/src/utils\../../WildcatCreek-Data\annotations_binary\wildcat-mask-0054.png
E:/Research/Project/SplashDrone/data/src/utils\../../WildcatCreek-Data\images\wildcat-0055.jpg,E:/Research/Project/SplashDrone/data/src/utils\../../WildcatCreek-Data\annotations_binary\wildcat-mask-0055.png
E:/Research/Project/SplashDrone/data/src/utils\../../WildcatCreek-Data\images\wildcat-0056.jpg,E:/Research/Project/SplashDrone/data/src/utils\../../WildcatCreek-Data\annotations_binary\wildcat-mask-0056.png
E:/Research/Project/SplashDrone/data/src/utils\../../WildcatCreek-Data\images\wildcat-0057.jpg,E:/Research/Project/SplashDrone/data/src/utils\../../WildcatCreek-Data\annotations_binary\wildcat-mask-0057.png
E:/Research/Project/SplashDrone/data/src/utils\../../WildcatCreek-Data\images\wildcat-0058.jpg,E:/Research/Project/SplashDrone/data/src/utils\../../WildcatCreek-Data\annotations_binary\wildcat-mask-0058.png
E:/Research/Project/SplashDrone/data/src/utils\../../WildcatCreek-Data\images\wildcat-0059.jpg,E:/Research/Project/SplashDrone/data/src/utils\../../WildcatCreek-Data\annotations_binary\wildcat-mask-0059.png
E:/Research/Project/SplashDrone/data/src/utils\../../WildcatCreek-Data\images\wildcat-0060.jpg,E:/Research/Project/SplashDrone/data/src/utils\../../WildcatCreek-Data\annotations_binary\wildcat-mask-0060.png
E:/Research/Project/SplashDrone/data/src/utils\../../WildcatCreek-Data\images\wildcat-0061.jpg,E:/Research/Project/SplashDrone/data/src/utils\../../WildcatCreek-Data\annotations_binary\wildcat-mask-0061.png
E:/Research/Project/SplashDrone/data/src/utils\../../WildcatCreek-Data\images\wildcat-0062.jpg,E:/Research/Project/SplashDrone/data/src/utils\../../WildcatCreek-Data\annotations_binary\wildcat-mask-0062.png
E:/Research/Project/SplashDrone/data/src/utils\../../WildcatCreek-Data\images\wildcat-0063.jpg,E:/Research/Project/SplashDrone/data/src/utils\../../WildcatCreek-Data\annotations_binary\wildcat-mask-0063.png
E:/Research/Project/SplashDrone/data/src/utils\../../WildcatCreek-Data\images\wildcat-0064.jpg,E:/Research/Project/SplashDrone/data/src/utils\../../WildcatCreek-Data\annotations_binary\wildcat-mask-0064.png
E:/Research/Project/SplashDrone/data/src/utils\../../WildcatCreek-Data\images\wildcat-0065.jpg,E:/Research/Project/SplashDrone/data/src/utils\../../WildcatCreek-Data\annotations_binary\wildcat-mask-0065.png
E:/Research/Project/SplashDrone/data/src/utils\../../WildcatCreek-Data\images\wildcat-0066.jpg,E:/Research/Project/SplashDrone/data/src/utils\../../WildcatCreek-Data\annotations_binary\wildcat-mask-0066.png
E:/Research/Project/SplashDrone/data/src/utils\../../WildcatCreek-Data\images\wildcat-0067.jpg,E:/Research/Project/SplashDrone/data/src/utils\../../WildcatCreek-Data\annotations_binary\wildcat-mask-0067.png
E:/Research/Project/SplashDrone/data/src/utils\../../WildcatCreek-Data\images\wildcat-0068.jpg,E:/Research/Project/SplashDrone/data/src/utils\../../WildcatCreek-Data\annotations_binary\wildcat-mask-0068.png
E:/Research/Project/SplashDrone/data/src/utils\../../WildcatCreek-Data\images\wildcat-0069.jpg,E:/Research/Project/SplashDrone/data/src/utils\../../WildcatCreek-Data\annotations_binary\wildcat-mask-0069.png
E:/Research/Project/SplashDrone/data/src/utils\../../WildcatCreek-Data\images\wildcat-0070.jpg,E:/Research/Project/SplashDrone/data/src/utils\../../WildcatCreek-Data\annotations_binary\wildcat-mask-0070.png
E:/Research/Project/SplashDrone/data/src/utils\../../WildcatCreek-Data\images\wildcat-0071.jpg,E:/Research/Project/SplashDrone/data/src/utils\../../WildcatCreek-Data\annotations_binary\wildcat-mask-0071.png
E:/Research/Project/SplashDrone/data/src/utils\../../WildcatCreek-Data\images\wildcat-0072.jpg,E:/Research/Project/SplashDrone/data/src/utils\../../WildcatCreek-Data\annotations_binary\wildcat-mask-0072.png
E:/Research/Project/SplashDrone/data/src/utils\../../WildcatCreek-Data\images\wildcat-0073.jpg,E:/Research/Project/SplashDrone/data/src/utils\../../WildcatCreek-Data\annotations_binary\wildcat-mask-0073.png
E:/Research/Project/SplashDrone/data/src/utils\../../WildcatCreek-Data\images\wildcat-0074.jpg,E:/Research/Project/SplashDrone/data/src/utils\../../WildcatCreek-Data\annotations_binary\wildcat-mask-0074.png
E:/Research/Project/SplashDrone/data/src/utils\../../WildcatCreek-Data\images\wildcat-0075.jpg,E:/Research/Project/SplashDrone/data/src/utils\../../WildcatCreek-Data\annotations_binary\wildcat-mask-0075.png
E:/Research/Project/SplashDrone/data/src/utils\../../WildcatCreek-Data\images\wildcat-0076.jpg,E:/Research/Project/SplashDrone/data/src/utils\../../WildcatCreek-Data\annotations_binary\wildcat-mask-0076.png
E:/Research/Project/SplashDrone/data/src/utils\../../WildcatCreek-Data\images\wildcat-0077.jpg,E:/Research/Project/SplashDrone/data/src/utils\../../WildcatCreek-Data\annotations_binary\wildcat-mask-0077.png
E:/Research/Project/SplashDrone/data/src/utils\../../WildcatCreek-Data\images\wildcat-0078.jpg,E:/Research/Project/SplashDrone/data/src/utils\../../WildcatCreek-Data\annotations_binary\wildcat-mask-0078.png
E:/Research/Project/SplashDrone/data/src/utils\../../WildcatCreek-Data\images\wildcat-0079.jpg,E:/Research/Project/SplashDrone/data/src/utils\../../WildcatCreek-Data\annotations_binary\wildcat-mask-0079.png
E:/Research/Project/SplashDrone/data/src/utils\../../WildcatCreek-Data\images\wildcat-0080.jpg,E:/Research/Project/SplashDrone/data/src/utils\../../WildcatCreek-Data\annotations_binary\wildcat-mask-0080.png
E:/Research/Project/SplashDrone/data/src/utils\../../WildcatCreek-Data\images\wildcat-0081.jpg,E:/Research/Project/SplashDrone/data/src/utils\../../WildcatCreek-Data\annotations_binary\wildcat-mask-0081.png
E:/Research/Project/SplashDrone/data/src/utils\../../WildcatCreek-Data\images\wildcat-0082.jpg,E:/Research/Project/SplashDrone/data/src/utils\../../WildcatCreek-Data\annotations_binary\wildcat-mask-0082.png
E:/Research/Project/SplashDrone/data/src/utils\../../WildcatCreek-Data\images\wildcat-0083.jpg,E:/Research/Project/SplashDrone/data/src/utils\../../WildcatCreek-Data\annotations_binary\wildcat-mask-0083.png
E:/Research/Project/SplashDrone/data/src/utils\../../WildcatCreek-Data\images\wildcat-0084.jpg,E:/Research/Project/SplashDrone/data/src/utils\../../WildcatCreek-Data\annotations_binary\wildcat-mask-0084.png
E:/Research/Project/SplashDrone/data/src/utils\../../WildcatCreek-Data\images\wildcat-0085.jpg,E:/Research/Project/SplashDrone/data/src/utils\../../WildcatCreek-Data\annotations_binary\wildcat-mask-0085.png
E:/Research/Project/SplashDrone/data/src/utils\../../WildcatCreek-Data\images\wildcat-0086.jpg,E:/Research/Project/SplashDrone/data/src/utils\../../WildcatCreek-Data\annotations_binary\wildcat-mask-0086.png
E:/Research/Project/SplashDrone/data/src/utils\../../WildcatCreek-Data\images\wildcat-0087.jpg,E:/Research/Project/SplashDrone/data/src/utils\../../WildcatCreek-Data\annotations_binary\wildcat-mask-0087.png
E:/Research/Project/SplashDrone/data/src/utils\../../WildcatCreek-Data\images\wildcat-0088.jpg,E:/Research/Project/SplashDrone/data/src/utils\../../WildcatCreek-Data\annotations_binary\wildcat-mask-0088.png
E:/Research/Project/SplashDrone/data/src/utils\../../WildcatCreek-Data\images\wildcat-0089.jpg,E:/Research/Project/SplashDrone/data/src/utils\../../WildcatCreek-Data\annotations_binary\wildcat-mask-0089.png
E:/Research/Project/SplashDrone/data/src/utils\../../WildcatCreek-Data\images\wildcat-0090.jpg,E:/Research/Project/SplashDrone/data/src/utils\../../WildcatCreek-Data\annotations_binary\wildcat-mask-0090.png
E:/Research/Project/SplashDrone/data/src/utils\../../WildcatCreek-Data\images\wildcat-0091.jpg,E:/Research/Project/SplashDrone/data/src/utils\../../WildcatCreek-Data\annotations_binary\wildcat-mask-0091.png
E:/Research/Project/SplashDrone/data/src/utils\../../WildcatCreek-Data\images\wildcat-0092.jpg,E:/Research/Project/SplashDrone/data/src/utils\../../WildcatCreek-Data\annotations_binary\wildcat-mask-0092.png
E:/Research/Project/SplashDrone/data/src/utils\../../WildcatCreek-Data\images\wildcat-0093.jpg,E:/Research/Project/SplashDrone/data/src/utils\../../WildcatCreek-Data\annotations_binary\wildcat-mask-0093.png
E:/Research/Project/SplashDrone/data/src/utils\../../WildcatCreek-Data\images\wildcat-0094.jpg,E:/Research/Project/SplashDrone/data/src/utils\../../WildcatCreek-Data\annotations_binary\wildcat-mask-0094.png
E:/Research/Project/SplashDrone/data/src/utils\../../WildcatCreek-Data\images\wildcat-0095.jpg,E:/Research/Project/SplashDrone/data/src/utils\../../WildcatCreek-Data\annotations_binary\wildcat-mask-0095.png
E:/Research/Project/SplashDrone/data/src/utils\../../WildcatCreek-Data\images\wildcat-0096.jpg,E:/Research/Project/SplashDrone/data/src/utils\../../WildcatCreek-Data\annotations_binary\wildcat-mask-0096.png
E:/Research/Project/SplashDrone/data/src/utils\../../WildcatCreek-Data\images\wildcat-0097.jpg,E:/Research/Project/SplashDrone/data/src/utils\../../WildcatCreek-Data\annotations_binary\wildcat-mask-0097.png
E:/Research/Project/SplashDrone/data/src/utils\../../WildcatCreek-Data\images\wildcat-0098.jpg,E:/Research/Project/SplashDrone/data/src/utils\../../WildcatCreek-Data\annotations_binary\wildcat-mask-0098.png
E:/Research/Project/SplashDrone/data/src/utils\../../WildcatCreek-Data\images\wildcat-0099.jpg,E:/Research/Project/SplashDrone/data/src/utils\../../WildcatCreek-Data\annotations_binary\wildcat-mask-0099.png
E:/Research/Project/SplashDrone/data/src/utils\../../WildcatCreek-Data\images\wildcat-0100.jpg,E:/Research/Project/SplashDrone/data/src/utils\../../WildcatCreek-Data\annotations_binary\wildcat-mask-0100.png
E:/Research/Project/SplashDrone/data/src/utils\../../WildcatCreek-Data\images\wildcat-0101.jpg,E:/Research/Project/SplashDrone/data/src/utils\../../WildcatCreek-Data\annotations_binary\wildcat-mask-0101.png
E:/Research/Project/SplashDrone/data/src/utils\../../WildcatCreek-Data\images\wildcat-0102.jpg,E:/Research/Project/SplashDrone/data/src/utils\../../WildcatCreek-Data\annotations_binary\wildcat-mask-0102.png
E:/Research/Project/SplashDrone/data/src/utils\../../WildcatCreek-Data\images\wildcat-0103.jpg,E:/Research/Project/SplashDrone/data/src/utils\../../WildcatCreek-Data\annotations_binary\wildcat-mask-0103.png
E:/Research/Project/SplashDrone/data/src/utils\../../WildcatCreek-Data\images\wildcat-0104.jpg,E:/Research/Project/SplashDrone/data/src/utils\../../WildcatCreek-Data\annotations_binary\wildcat-mask-0104.png
E:/Research/Project/SplashDrone/data/src/utils\../../WildcatCreek-Data\images\wildcat-0105.jpg,E:/Research/Project/SplashDrone/data/src/utils\../../WildcatCreek-Data\annotations_binary\wildcat-mask-0105.png
E:/Research/Project/SplashDrone/data/src/utils\../../WildcatCreek-Data\images\wildcat-0106.jpg,E:/Research/Project/SplashDrone/data/src/utils\../../WildcatCreek-Data\annotations_binary\wildcat-mask-0106.png
E:/Research/Project/SplashDrone/data/src/utils\../../WildcatCreek-Data\images\wildcat-0107.jpg,E:/Research/Project/SplashDrone/data/src/utils\../../WildcatCreek-Data\annotations_binary\wildcat-mask-0107.png
E:/Research/Project/SplashDrone/data/src/utils\../../WildcatCreek-Data\images\wildcat-0108.jpg,E:/Research/Project/SplashDrone/data/src/utils\../../WildcatCreek-Data\annotations_binary\wildcat-mask-0108.png
E:/Research/Project/SplashDrone/data/src/utils\../../WildcatCreek-Data\images\wildcat-0109.jpg,E:/Research/Project/SplashDrone/data/src/utils\../../WildcatCreek-Data\annotations_binary\wildcat-mask-0109.png
E:/Research/Project/SplashDrone/data/src/utils\../../WildcatCreek-Data\images\wildcat-0110.jpg,E:/Research/Project/SplashDrone/data/src/utils\../../WildcatCreek-Data\annotations_binary\wildcat-mask-0110.png
E:/Research/Project/SplashDrone/data/src/utils\../../WildcatCreek-Data\images\wildcat-0111.jpg,E:/Research/Project/SplashDrone/data/src/utils\../../WildcatCreek-Data\annotations_binary\wildcat-mask-0111.png
E:/Research/Project/SplashDrone/data/src/utils\../../WildcatCreek-Data\images\wildcat-0112.jpg,E:/Research/Project/SplashDrone/data/src/utils\../../WildcatCreek-Data\annotations_binary\wildcat-mask-0112.png
E:/Research/Project/SplashDrone/data/src/utils\../../WildcatCreek-Data\images\wildcat-0113.jpg,E:/Research/Project/SplashDrone/data/src/utils\../../WildcatCreek-Data\annotations_binary\wildcat-mask-0113.png
E:/Research/Project/SplashDrone/data/src/utils\../../WildcatCreek-Data\images\wildcat-0114.jpg,E:/Research/Project/SplashDrone/data/src/utils\../../WildcatCreek-Data\annotations_binary\wildcat-mask-0114.png
E:/Research/Project/SplashDrone/data/src/utils\../../WildcatCreek-Data\images\wildcat-0115.jpg,E:/Research/Project/SplashDrone/data/src/utils\../../WildcatCreek-Data\annotations_binary\wildcat-mask-0115.png
E:/Research/Project/SplashDrone/data/src/utils\../../WildcatCreek-Data\images\wildcat-0116.jpg,E:/Research/Project/SplashDrone/data/src/utils\../../WildcatCreek-Data\annotations_binary\wildcat-mask-0116.png
E:/Research/Project/SplashDrone/data/src/utils\../../WildcatCreek-Data\images\wildcat-0117.jpg,E:/Research/Project/SplashDrone/data/src/utils\../../WildcatCreek-Data\annotations_binary\wildcat-mask-0117.png
E:/Research/Project/SplashDrone/data/src/utils\../../WildcatCreek-Data\images\wildcat-0118.jpg,E:/Research/Project/SplashDrone/data/src/utils\../../WildcatCreek-Data\annotations_binary\wildcat-mask-0118.png
E:/Research/Project/SplashDrone/data/src/utils\../../WildcatCreek-Data\images\wildcat-0119.jpg,E:/Research/Project/SplashDrone/data/src/utils\../../WildcatCreek-Data\annotations_binary\wildcat-mask-0119.png
E:/Research/Project/SplashDrone/data/src/utils\../../WildcatCreek-Data\images\wildcat-0120.jpg,E:/Research/Project/SplashDrone/data/src/utils\../../WildcatCreek-Data\annotations_binary\wildcat-mask-0120.png
E:/Research/Project/SplashDrone/data/src/utils\../../WildcatCreek-Data\images\wildcat-0121.jpg,E:/Research/Project/SplashDrone/data/src/utils\../../WildcatCreek-Data\annotations_binary\wildcat-mask-0121.png
E:/Research/Project/SplashDrone/data/src/utils\../../WildcatCreek-Data\images\wildcat-0122.jpg,E:/Research/Project/SplashDrone/data/src/utils\../../WildcatCreek-Data\annotations_binary\wildcat-mask-0122.png
E:/Research/Project/SplashDrone/data/src/utils\../../WildcatCreek-Data\images\wildcat-0123.jpg,E:/Research/Project/SplashDrone/data/src/utils\../../WildcatCreek-Data\annotations_binary\wildcat-mask-0123.png
E:/Research/Project/SplashDrone/data/src/utils\../../WildcatCreek-Data\images\wildcat-0124.jpg,E:/Research/Project/SplashDrone/data/src/utils\../../WildcatCreek-Data\annotations_binary\wildcat-mask-0124.png
E:/Research/Project/SplashDrone/data/src/utils\../../WildcatCreek-Data\images\wildcat-0125.jpg,E:/Research/Project/SplashDrone/data/src/utils\../../WildcatCreek-Data\annotations_binary\wildcat-mask-0125.png
E:/Research/Project/SplashDrone/data/src/utils\../../WildcatCreek-Data\images\wildcat-0126.jpg,E:/Research/Project/SplashDrone/data/src/utils\../../WildcatCreek-Data\annotations_binary\wildcat-mask-0126.png
E:/Research/Project/SplashDrone/data/src/utils\../../WildcatCreek-Data\images\wildcat-0127.jpg,E:/Research/Project/SplashDrone/data/src/utils\../../WildcatCreek-Data\annotations_binary\wildcat-mask-0127.png
E:/Research/Project/SplashDrone/data/src/utils\../../WildcatCreek-Data\images\wildcat-0128.jpg,E:/Research/Project/SplashDrone/data/src/utils\../../WildcatCreek-Data\annotations_binary\wildcat-mask-0128.png
E:/Research/Project/SplashDrone/data/src/utils\../../WildcatCreek-Data\images\wildcat-0129.jpg,E:/Research/Project/SplashDrone/data/src/utils\../../WildcatCreek-Data\annotations_binary\wildcat-mask-0129.png
E:/Research/Project/SplashDrone/data/src/utils\../../WildcatCreek-Data\images\wildcat-0130.jpg,E:/Research/Project/SplashDrone/data/src/utils\../../WildcatCreek-Data\annotations_binary\wildcat-mask-0130.png
E:/Research/Project/SplashDrone/data/src/utils\../../WildcatCreek-Data\images\wildcat-0131.jpg,E:/Research/Project/SplashDrone/data/src/utils\../../WildcatCreek-Data\annotations_binary\wildcat-mask-0131.png
E:/Research/Project/SplashDrone/data/src/utils\../../WildcatCreek-Data\images\wildcat-0132.jpg,E:/Research/Project/SplashDrone/data/src/utils\../../WildcatCreek-Data\annotations_binary\wildcat-mask-0132.png
E:/Research/Project/SplashDrone/data/src/utils\../../WildcatCreek-Data\images\wildcat-0133.jpg,E:/Research/Project/SplashDrone/data/src/utils\../../WildcatCreek-Data\annotations_binary\wildcat-mask-0133.png
E:/Research/Project/SplashDrone/data/src/utils\../../WildcatCreek-Data\images\wildcat-0134.jpg,E:/Research/Project/SplashDrone/data/src/utils\../../WildcatCreek-Data\annotations_binary\wildcat-mask-0134.png
E:/Research/Project/SplashDrone/data/src/utils\../../WildcatCreek-Data\images\wildcat-0135.jpg,E:/Research/Project/SplashDrone/data/src/utils\../../WildcatCreek-Data\annotations_binary\wildcat-mask-0135.png
E:/Research/Project/SplashDrone/data/src/utils\../../WildcatCreek-Data\images\wildcat-0136.jpg,E:/Research/Project/SplashDrone/data/src/utils\../../WildcatCreek-Data\annotations_binary\wildcat-mask-0136.png
E:/Research/Project/SplashDrone/data/src/utils\../../WildcatCreek-Data\images\wildcat-0137.jpg,E:/Research/Project/SplashDrone/data/src/utils\../../WildcatCreek-Data\annotations_binary\wildcat-mask-0137.png
E:/Research/Project/SplashDrone/data/src/utils\../../WildcatCreek-Data\images\wildcat-0138.jpg,E:/Research/Project/SplashDrone/data/src/utils\../../WildcatCreek-Data\annotations_binary\wildcat-mask-0138.png
E:/Research/Project/SplashDrone/data/src/utils\../../WildcatCreek-Data\images\wildcat-0139.jpg,E:/Research/Project/SplashDrone/data/src/utils\../../WildcatCreek-Data\annotations_binary\wildcat-mask-0139.png
E:/Research/Project/SplashDrone/data/src/utils\../../WildcatCreek-Data\images\wildcat-0140.jpg,E:/Research/Project/SplashDrone/data/src/utils\../../WildcatCreek-Data\annotations_binary\wildcat-mask-0140.png
E:/Research/Project/SplashDrone/data/src/utils\../../WildcatCreek-Data\images\wildcat-0141.jpg,E:/Research/Project/SplashDrone/data/src/utils\../../WildcatCreek-Data\annotations_binary\wildcat-mask-0141.png
E:/Research/Project/SplashDrone/data/src/utils\../../WildcatCreek-Data\images\wildcat-0142.jpg,E:/Research/Project/SplashDrone/data/src/utils\../../WildcatCreek-Data\annotations_binary\wildcat-mask-0142.png
E:/Research/Project/SplashDrone/data/src/utils\../../WildcatCreek-Data\images\wildcat-0143.jpg,E:/Research/Project/SplashDrone/data/src/utils\../../WildcatCreek-Data\annotations_binary\wildcat-mask-0143.png
E:/Research/Project/SplashDrone/data/src/utils\../../WildcatCreek-Data\images\wildcat-0144.jpg,E:/Research/Project/SplashDrone/data/src/utils\../../WildcatCreek-Data\annotations_binary\wildcat-mask-0144.png
E:/Research/Project/SplashDrone/data/src/utils\../../WildcatCreek-Data\images\wildcat-0145.jpg,E:/Research/Project/SplashDrone/data/src/utils\../../WildcatCreek-Data\annotations_binary\wildcat-mask-0145.png
E:/Research/Project/SplashDrone/data/src/utils\../../WildcatCreek-Data\images\wildcat-0146.jpg,E:/Research/Project/SplashDrone/data/src/utils\../../WildcatCreek-Data\annotations_binary\wildcat-mask-0146.png
E:/Research/Project/SplashDrone/data/src/utils\../../WildcatCreek-Data\images\wildcat-0147.jpg,E:/Research/Project/SplashDrone/data/src/utils\../../WildcatCreek-Data\annotations_binary\wildcat-mask-0147.png
E:/Research/Project/SplashDrone/data/src/utils\../../WildcatCreek-Data\images\wildcat-0148.jpg,E:/Research/Project/SplashDrone/data/src/utils\../../WildcatCreek-Data\annotations_binary\wildcat-mask-0148.png
E:/Research/Project/SplashDrone/data/src/utils\../../WildcatCreek-Data\images\wildcat-0149.jpg,E:/Research/Project/SplashDrone/data/src/utils\../../WildcatCreek-Data\annotations_binary\wildcat-mask-0149.png
E:/Research/Project/SplashDrone/data/src/utils\../../WildcatCreek-Data\images\wildcat-0150.jpg,E:/Research/Project/SplashDrone/data/src/utils\../../WildcatCreek-Data\annotations_binary\wildcat-mask-0150.png
E:/Research/Project/SplashDrone/data/src/utils\../../WildcatCreek-Data\images\wildcat-0151.jpg,E:/Research/Project/SplashDrone/data/src/utils\../../WildcatCreek-Data\annotations_binary\wildcat-mask-0151.png
E:/Research/Project/SplashDrone/data/src/utils\../../WildcatCreek-Data\images\wildcat-0152.jpg,E:/Research/Project/SplashDrone/data/src/utils\../../WildcatCreek-Data\annotations_binary\wildcat-mask-0152.png
E:/Research/Project/SplashDrone/data/src/utils\../../WildcatCreek-Data\images\wildcat-0153.jpg,E:/Research/Project/SplashDrone/data/src/utils\../../WildcatCreek-Data\annotations_binary\wildcat-mask-0153.png
E:/Research/Project/SplashDrone/data/src/utils\../../WildcatCreek-Data\images\wildcat-0154.jpg,E:/Research/Project/SplashDrone/data/src/utils\../../WildcatCreek-Data\annotations_binary\wildcat-mask-0154.png
E:/Research/Project/SplashDrone/data/src/utils\../../WildcatCreek-Data\images\wildcat-0155.jpg,E:/Research/Project/SplashDrone/data/src/utils\../../WildcatCreek-Data\annotations_binary\wildcat-mask-0155.png
E:/Research/Project/SplashDrone/data/src/utils\../../WildcatCreek-Data\images\wildcat-0156.jpg,E:/Research/Project/SplashDrone/data/src/utils\../../WildcatCreek-Data\annotations_binary\wildcat-mask-0156.png
E:/Research/Project/SplashDrone/data/src/utils\../../WildcatCreek-Data\images\wildcat-0157.jpg,E:/Research/Project/SplashDrone/data/src/utils\../../WildcatCreek-Data\annotations_binary\wildcat-mask-0157.png
E:/Research/Project/SplashDrone/data/src/utils\../../WildcatCreek-Data\images\wildcat-0158.jpg,E:/Research/Project/SplashDrone/data/src/utils\../../WildcatCreek-Data\annotations_binary\wildcat-mask-0158.png
E:/Research/Project/SplashDrone/data/src/utils\../../WildcatCreek-Data\images\wildcat-0159.jpg,E:/Research/Project/SplashDrone/data/src/utils\../../WildcatCreek-Data\annotations_binary\wildcat-mask-0159.png
E:/Research/Project/SplashDrone/data/src/utils\../../WildcatCreek-Data\images\wildcat-0160.jpg,E:/Research/Project/SplashDrone/data/src/utils\../../WildcatCreek-Data\annotations_binary\wildcat-mask-0160.png
E:/Research/Project/SplashDrone/data/src/utils\../../WildcatCreek-Data\images\wildcat-0161.jpg,E:/Research/Project/SplashDrone/data/src/utils\../../WildcatCreek-Data\annotations_binary\wildcat-mask-0161.png
E:/Research/Project/SplashDrone/data/src/utils\../../WildcatCreek-Data\images\wildcat-0162.jpg,E:/Research/Project/SplashDrone/data/src/utils\../../WildcatCreek-Data\annotations_binary\wildcat-mask-0162.png
E:/Research/Project/SplashDrone/data/src/utils\../../WildcatCreek-Data\images\wildcat-0163.jpg,E:/Research/Project/SplashDrone/data/src/utils\../../WildcatCreek-Data\annotations_binary\wildcat-mask-0163.png
E:/Research/Project/SplashDrone/data/src/utils\../../WildcatCreek-Data\images\wildcat-0164.jpg,E:/Research/Project/SplashDrone/data/src/utils\../../WildcatCreek-Data\annotations_binary\wildcat-mask-0164.png
E:/Research/Project/SplashDrone/data/src/utils\../../WildcatCreek-Data\images\wildcat-0165.jpg,E:/Research/Project/SplashDrone/data/src/utils\../../WildcatCreek-Data\annotations_binary\wildcat-mask-0165.png
E:/Research/Project/SplashDrone/data/src/utils\../../WildcatCreek-Data\images\wildcat-0166.jpg,E:/Research/Project/SplashDrone/data/src/utils\../../WildcatCreek-Data\annotations_binary\wildcat-mask-0166.png
E:/Research/Project/SplashDrone/data/src/utils\../../WildcatCreek-Data\images\wildcat-0167.jpg,E:/Research/Project/SplashDrone/data/src/utils\../../WildcatCreek-Data\annotations_binary\wildcat-mask-0167.png
E:/Research/Project/SplashDrone/data/src/utils\../../WildcatCreek-Data\images\wildcat-0168.jpg,E:/Research/Project/SplashDrone/data/src/utils\../../WildcatCreek-Data\annotations_binary\wildcat-mask-0168.png
E:/Research/Project/SplashDrone/data/src/utils\../../WildcatCreek-Data\images\wildcat-0169.jpg,E:/Research/Project/SplashDrone/data/src/utils\../../WildcatCreek-Data\annotations_binary\wildcat-mask-0169.png
E:/Research/Project/SplashDrone/data/src/utils\../../WildcatCreek-Data\images\wildcat-0170.jpg,E:/Research/Project/SplashDrone/data/src/utils\../../WildcatCreek-Data\annotations_binary\wildcat-mask-0170.png
E:/Research/Project/SplashDrone/data/src/utils\../../WildcatCreek-Data\images\wildcat-0171.jpg,E:/Research/Project/SplashDrone/data/src/utils\../../WildcatCreek-Data\annotations_binary\wildcat-mask-0171.png
E:/Research/Project/SplashDrone/data/src/utils\../../WildcatCreek-Data\images\wildcat-0172.jpg,E:/Research/Project/SplashDrone/data/src/utils\../../WildcatCreek-Data\annotations_binary\wildcat-mask-0172.png
E:/Research/Project/SplashDrone/data/src/utils\../../WildcatCreek-Data\images\wildcat-0173.jpg,E:/Research/Project/SplashDrone/data/src/utils\../../WildcatCreek-Data\annotations_binary\wildcat-mask-0173.png
E:/Research/Project/SplashDrone/data/src/utils\../../WildcatCreek-Data\images\wildcat-0174.jpg,E:/Research/Project/SplashDrone/data/src/utils\../../WildcatCreek-Data\annotations_binary\wildcat-mask-0174.png
E:/Research/Project/SplashDrone/data/src/utils\../../WildcatCreek-Data\images\wildcat-0175.jpg,E:/Research/Project/SplashDrone/data/src/utils\../../WildcatCreek-Data\annotations_binary\wildcat-mask-0175.png
E:/Research/Project/SplashDrone/data/src/utils\../../WildcatCreek-Data\images\wildcat-0176.jpg,E:/Research/Project/SplashDrone/data/src/utils\../../WildcatCreek-Data\annotations_binary\wildcat-mask-0176.png
E:/Research/Project/SplashDrone/data/src/utils\../../WildcatCreek-Data\images\wildcat-0177.jpg,E:/Research/Project/SplashDrone/data/src/utils\../../WildcatCreek-Data\annotations_binary\wildcat-mask-0177.png
E:/Research/Project/SplashDrone/data/src/utils\../../WildcatCreek-Data\images\wildcat-0178.jpg,E:/Research/Project/SplashDrone/data/src/utils\../../WildcatCreek-Data\annotations_binary\wildcat-mask-0178.png
E:/Research/Project/SplashDrone/data/src/utils\../../WildcatCreek-Data\images\wildcat-0179.jpg,E:/Research/Project/SplashDrone/data/src/utils\../../WildcatCreek-Data\annotations_binary\wildcat-mask-0179.png
E:/Research/Project/SplashDrone/data/src/utils\../../WildcatCreek-Data\images\wildcat-0180.jpg,E:/Research/Project/SplashDrone/data/src/utils\../../WildcatCreek-Data\annotations_binary\wildcat-mask-0180.png
E:/Research/Project/SplashDrone/data/src/utils\../../WildcatCreek-Data\images\wildcat-0181.jpg,E:/Research/Project/SplashDrone/data/src/utils\../../WildcatCreek-Data\annotations_binary\wildcat-mask-0181.png
E:/Research/Project/SplashDrone/data/src/utils\../../WildcatCreek-Data\images\wildcat-0182.jpg,E:/Research/Project/SplashDrone/data/src/utils\../../WildcatCreek-Data\annotations_binary\wildcat-mask-0182.png
E:/Research/Project/SplashDrone/data/src/utils\../../WildcatCreek-Data\images\wildcat-0183.jpg,E:/Research/Project/SplashDrone/data/src/utils\../../WildcatCreek-Data\annotations_binary\wildcat-mask-0183.png
E:/Research/Project/SplashDrone/data/src/utils\../../WildcatCreek-Data\images\wildcat-0184.jpg,E:/Research/Project/SplashDrone/data/src/utils\../../WildcatCreek-Data\annotations_binary\wildcat-mask-0184.png
E:/Research/Project/SplashDrone/data/src/utils\../../WildcatCreek-Data\images\wildcat-0185.jpg,E:/Research/Project/SplashDrone/data/src/utils\../../WildcatCreek-Data\annotations_binary\wildcat-mask-0185.png
E:/Research/Project/SplashDrone/data/src/utils\../../WildcatCreek-Data\images\wildcat-0186.jpg,E:/Research/Project/SplashDrone/data/src/utils\../../WildcatCreek-Data\annotations_binary\wildcat-mask-0186.png
E:/Research/Project/SplashDrone/data/src/utils\../../WildcatCreek-Data\images\wildcat-0187.jpg,E:/Research/Project/SplashDrone/data/src/utils\../../WildcatCreek-Data\annotations_binary\wildcat-mask-0187.png
E:/Research/Project/SplashDrone/data/src/utils\../../WildcatCreek-Data\images\wildcat-0188.jpg,E:/Research/Project/SplashDrone/data/src/utils\../../WildcatCreek-Data\annotations_binary\wildcat-mask-0188.png
E:/Research/Project/SplashDrone/data/src/utils\../../WildcatCreek-Data\images\wildcat-0189.jpg,E:/Research/Project/SplashDrone/data/src/utils\../../WildcatCreek-Data\annotations_binary\wildcat-mask-0189.png
E:/Research/Project/SplashDrone/data/src/utils\../../WildcatCreek-Data\images\wildcat-0190.jpg,E:/Research/Project/SplashDrone/data/src/utils\../../WildcatCreek-Data\annotations_binary\wildcat-mask-0190.png
E:/Research/Project/SplashDrone/data/src/utils\../../WildcatCreek-Data\images\wildcat-0191.jpg,E:/Research/Project/SplashDrone/data/src/utils\../../WildcatCreek-Data\annotations_binary\wildcat-mask-0191.png
E:/Research/Project/SplashDrone/data/src/utils\../../WildcatCreek-Data\images\wildcat-0192.jpg,E:/Research/Project/SplashDrone/data/src/utils\../../WildcatCreek-Data\annotations_binary\wildcat-mask-0192.png
E:/Research/Project/SplashDrone/data/src/utils\../../WildcatCreek-Data\images\wildcat-0193.jpg,E:/Research/Project/SplashDrone/data/src/utils\../../WildcatCreek-Data\annotations_binary\wildcat-mask-0193.png
E:/Research/Project/SplashDrone/data/src/utils\../../WildcatCreek-Data\images\wildcat-0194.jpg,E:/Research/Project/SplashDrone/data/src/utils\../../WildcatCreek-Data\annotations_binary\wildcat-mask-0194.png
E:/Research/Project/SplashDrone/data/src/utils\../../WildcatCreek-Data\images\wildcat-0195.jpg,E:/Research/Project/SplashDrone/data/src/utils\../../WildcatCreek-Data\annotations_binary\wildcat-mask-0195.png
E:/Research/Project/SplashDrone/data/src/utils\../../WildcatCreek-Data\images\wildcat-0196.jpg,E:/Research/Project/SplashDrone/data/src/utils\../../WildcatCreek-Data\annotations_binary\wildcat-mask-0196.png
E:/Research/Project/SplashDrone/data/src/utils\../../WildcatCreek-Data\images\wildcat-0197.jpg,E:/Research/Project/SplashDrone/data/src/utils\../../WildcatCreek-Data\annotations_binary\wildcat-mask-0197.png
E:/Research/Project/SplashDrone/data/src/utils\../../WildcatCreek-Data\images\wildcat-0198.jpg,E:/Research/Project/SplashDrone/data/src/utils\../../WildcatCreek-Data\annotations_binary\wildcat-mask-0198.png
E:/Research/Project/SplashDrone/data/src/utils\../../WildcatCreek-Data\images\wildcat-0199.jpg,E:/Research/Project/SplashDrone/data/src/utils\../../WildcatCreek-Data\annotations_binary\wildcat-mask-0199.png
E:/Research/Project/SplashDrone/data/src/utils\../../WildcatCreek-Data\images\wildcat-0200.jpg,E:/Research/Project/SplashDrone/data/src/utils\../../WildcatCreek-Data\annotations_binary\wildcat-mask-0200.png
E:/Research/Project/SplashDrone/data/src/utils\../../WildcatCreek-Data\images\wildcat-0201.jpg,E:/Research/Project/SplashDrone/data/src/utils\../../WildcatCreek-Data\annotations_binary\wildcat-mask-0201.png
E:/Research/Project/SplashDrone/data/src/utils\../../WildcatCreek-Data\images\wildcat-0202.jpg,E:/Research/Project/SplashDrone/data/src/utils\../../WildcatCreek-Data\annotations_binary\wildcat-mask-0202.png
E:/Research/Project/SplashDrone/data/src/utils\../../WildcatCreek-Data\images\wildcat-0203.jpg,E:/Research/Project/SplashDrone/data/src/utils\../../WildcatCreek-Data\annotations_binary\wildcat-mask-0203.png
E:/Research/Project/SplashDrone/data/src/utils\../../WildcatCreek-Data\images\wildcat-0204.jpg,E:/Research/Project/SplashDrone/data/src/utils\../../WildcatCreek-Data\annotations_binary\wildcat-mask-0204.png
E:/Research/Project/SplashDrone/data/src/utils\../../WildcatCreek-Data\images\wildcat-0205.jpg,E:/Research/Project/SplashDrone/data/src/utils\../../WildcatCreek-Data\annotations_binary\wildcat-mask-0205.png
E:/Research/Project/SplashDrone/data/src/utils\../../WildcatCreek-Data\images\wildcat-0206.jpg,E:/Research/Project/SplashDrone/data/src/utils\../../WildcatCreek-Data\annotations_binary\wildcat-mask-0206.png
E:/Research/Project/SplashDrone/data/src/utils\../../WildcatCreek-Data\images\wildcat-0207.jpg,E:/Research/Project/SplashDrone/data/src/utils\../../WildcatCreek-Data\annotations_binary\wildcat-mask-0207.png
E:/Research/Project/SplashDrone/data/src/utils\../../WildcatCreek-Data\images\wildcat-0208.jpg,E:/Research/Project/SplashDrone/data/src/utils\../../WildcatCreek-Data\annotations_binary\wildcat-mask-0208.png
E:/Research/Project/SplashDrone/data/src/utils\../../WildcatCreek-Data\images\wildcat-0209.jpg,E:/Research/Project/SplashDrone/data/src/utils\../../WildcatCreek-Data\annotations_binary\wildcat-mask-0209.png
E:/Research/Project/SplashDrone/data/src/utils\../../WildcatCreek-Data\images\wildcat-0210.jpg,E:/Research/Project/SplashDrone/data/src/utils\../../WildcatCreek-Data\annotations_binary\wildcat-mask-0210.png
E:/Research/Project/SplashDrone/data/src/utils\../../WildcatCreek-Data\images\wildcat-0211.jpg,E:/Research/Project/SplashDrone/data/src/utils\../../WildcatCreek-Data\annotations_binary\wildcat-mask-0211.png
E:/Research/Project/SplashDrone/data/src/utils\../../WildcatCreek-Data\images\wildcat-0212.jpg,E:/Research/Project/SplashDrone/data/src/utils\../../WildcatCreek-Data\annotations_binary\wildcat-mask-0212.png
E:/Research/Project/SplashDrone/data/src/utils\../../WildcatCreek-Data\images\wildcat-0213.jpg,E:/Research/Project/SplashDrone/data/src/utils\../../WildcatCreek-Data\annotations_binary\wildcat-mask-0213.png
E:/Research/Project/SplashDrone/data/src/utils\../../WildcatCreek-Data\images\wildcat-0214.jpg,E:/Research/Project/SplashDrone/data/src/utils\../../WildcatCreek-Data\annotations_binary\wildcat-mask-0214.png
E:/Research/Project/SplashDrone/data/src/utils\../../WildcatCreek-Data\images\wildcat-0215.jpg,E:/Research/Project/SplashDrone/data/src/utils\../../WildcatCreek-Data\annotations_binary\wildcat-mask-0215.png
E:/Research/Project/SplashDrone/data/src/utils\../../WildcatCreek-Data\images\wildcat-0216.jpg,E:/Research/Project/SplashDrone/data/src/utils\../../WildcatCreek-Data\annotations_binary\wildcat-mask-0216.png
E:/Research/Project/SplashDrone/data/src/utils\../../WildcatCreek-Data\images\wildcat-0217.jpg,E:/Research/Project/SplashDrone/data/src/utils\../../WildcatCreek-Data\annotations_binary\wildcat-mask-0217.png
E:/Research/Project/SplashDrone/data/src/utils\../../WildcatCreek-Data\images\wildcat-0218.jpg,E:/Research/Project/SplashDrone/data/src/utils\../../WildcatCreek-Data\annotations_binary\wildcat-mask-0218.png
E:/Research/Project/SplashDrone/data/src/utils\../../WildcatCreek-Data\images\wildcat-0219.jpg,E:/Research/Project/SplashDrone/data/src/utils\../../WildcatCreek-Data\annotations_binary\wildcat-mask-0219.png
E:/Research/Project/SplashDrone/data/src/utils\../../WildcatCreek-Data\images\wildcat-0220.jpg,E:/Research/Project/SplashDrone/data/src/utils\../../WildcatCreek-Data\annotations_binary\wildcat-mask-0220.png
E:/Research/Project/SplashDrone/data/src/utils\../../WildcatCreek-Data\images\wildcat-0221.jpg,E:/Research/Project/SplashDrone/data/src/utils\../../WildcatCreek-Data\annotations_binary\wildcat-mask-0221.png
E:/Research/Project/SplashDrone/data/src/utils\../../WildcatCreek-Data\images\wildcat-0222.jpg,E:/Research/Project/SplashDrone/data/src/utils\../../WildcatCreek-Data\annotations_binary\wildcat-mask-0222.png
E:/Research/Project/SplashDrone/data/src/utils\../../WildcatCreek-Data\images\wildcat-0223.jpg,E:/Research/Project/SplashDrone/data/src/utils\../../WildcatCreek-Data\annotations_binary\wildcat-mask-0223.png
E:/Research/Project/SplashDrone/data/src/utils\../../WildcatCreek-Data\images\wildcat-0224.jpg,E:/Research/Project/SplashDrone/data/src/utils\../../WildcatCreek-Data\annotations_binary\wildcat-mask-0224.png
E:/Research/Project/SplashDrone/data/src/utils\../../WildcatCreek-Data\images\wildcat-0225.jpg,E:/Research/Project/SplashDrone/data/src/utils\../../WildcatCreek-Data\annotations_binary\wildcat-mask-0225.png
E:/Research/Project/SplashDrone/data/src/utils\../../WildcatCreek-Data\images\wildcat-0226.jpg,E:/Research/Project/SplashDrone/data/src/utils\../../WildcatCreek-Data\annotations_binary\wildcat-mask-0226.png
E:/Research/Project/SplashDrone/data/src/utils\../../WildcatCreek-Data\images\wildcat-0227.jpg,E:/Research/Project/SplashDrone/data/src/utils\../../WildcatCreek-Data\annotations_binary\wildcat-mask-0227.png
E:/Research/Project/SplashDrone/data/src/utils\../../WildcatCreek-Data\images\wildcat-0228.jpg,E:/Research/Project/SplashDrone/data/src/utils\../../WildcatCreek-Data\annotations_binary\wildcat-mask-0228.png
E:/Research/Project/SplashDrone/data/src/utils\../../WildcatCreek-Data\images\wildcat-0229.jpg,E:/Research/Project/SplashDrone/data/src/utils\../../WildcatCreek-Data\annotations_binary\wildcat-mask-0229.png
E:/Research/Project/SplashDrone/data/src/utils\../../WildcatCreek-Data\images\wildcat-0230.jpg,E:/Research/Project/SplashDrone/data/src/utils\../../WildcatCreek-Data\annotations_binary\wildcat-mask-0230.png
E:/Research/Project/SplashDrone/data/src/utils\../../WildcatCreek-Data\images\wildcat-0231.jpg,E:/Research/Project/SplashDrone/data/src/utils\../../WildcatCreek-Data\annotations_binary\wildcat-mask-0231.png
E:/Research/Project/SplashDrone/data/src/utils\../../WildcatCreek-Data\images\wildcat-0232.jpg,E:/Research/Project/SplashDrone/data/src/utils\../../WildcatCreek-Data\annotations_binary\wildcat-mask-0232.png
E:/Research/Project/SplashDrone/data/src/utils\../../WildcatCreek-Data\images\wildcat-0233.jpg,E:/Research/Project/SplashDrone/data/src/utils\../../WildcatCreek-Data\annotations_binary\wildcat-mask-0233.png
E:/Research/Project/SplashDrone/data/src/utils\../../WildcatCreek-Data\images\wildcat-0234.jpg,E:/Research/Project/SplashDrone/data/src/utils\../../WildcatCreek-Data\annotations_binary\wildcat-mask-0234.png
E:/Research/Project/SplashDrone/data/src/utils\../../WildcatCreek-Data\images\wildcat-0235.jpg,E:/Research/Project/SplashDrone/data/src/utils\../../WildcatCreek-Data\annotations_binary\wildcat-mask-0235.png
E:/Research/Project/SplashDrone/data/src/utils\../../WildcatCreek-Data\images\wildcat-0236.jpg,E:/Research/Project/SplashDrone/data/src/utils\../../WildcatCreek-Data\annotations_binary\wildcat-mask-0236.png
E:/Research/Project/SplashDrone/data/src/utils\../../WildcatCreek-Data\images\wildcat-0237.jpg,E:/Research/Project/SplashDrone/data/src/utils\../../WildcatCreek-Data\annotations_binary\wildcat-mask-0237.png
E:/Research/Project/SplashDrone/data/src/utils\../../WildcatCreek-Data\images\wildcat-0238.jpg,E:/Research/Project/SplashDrone/data/src/utils\../../WildcatCreek-Data\annotations_binary\wildcat-mask-0238.png
E:/Research/Project/SplashDrone/data/src/utils\../../WildcatCreek-Data\images\wildcat-0239.jpg,E:/Research/Project/SplashDrone/data/src/utils\../../WildcatCreek-Data\annotations_binary\wildcat-mask-0239.png
E:/Research/Project/SplashDrone/data/src/utils\../../WildcatCreek-Data\images\wildcat-0240.jpg,E:/Research/Project/SplashDrone/data/src/utils\../../WildcatCreek-Data\annotations_binary\wildcat-mask-0240.png
E:/Research/Project/SplashDrone/data/src/utils\../../WildcatCreek-Data\images\wildcat-0241.jpg,E:/Research/Project/SplashDrone/data/src/utils\../../WildcatCreek-Data\annotations_binary\wildcat-mask-0241.png
E:/Research/Project/SplashDrone/data/src/utils\../../WildcatCreek-Data\images\wildcat-0242.jpg,E:/Research/Project/SplashDrone/data/src/utils\../../WildcatCreek-Data\annotations_binary\wildcat-mask-0242.png
E:/Research/Project/SplashDrone/data/src/utils\../../WildcatCreek-Data\images\wildcat-0243.jpg,E:/Research/Project/SplashDrone/data/src/utils\../../WildcatCreek-Data\annotations_binary\wildcat-mask-0243.png
E:/Research/Project/SplashDrone/data/src/utils\../../WildcatCreek-Data\images\wildcat-0244.jpg,E:/Research/Project/SplashDrone/data/src/utils\../../WildcatCreek-Data\annotations_binary\wildcat-mask-0244.png
E:/Research/Project/SplashDrone/data/src/utils\../../WildcatCreek-Data\images\wildcat-0245.jpg,E:/Research/Project/SplashDrone/data/src/utils\../../WildcatCreek-Data\annotations_binary\wildcat-mask-0245.png
E:/Research/Project/SplashDrone/data/src/utils\../../WildcatCreek-Data\images\wildcat-0246.jpg,E:/Research/Project/SplashDrone/data/src/utils\../../WildcatCreek-Data\annotations_binary\wildcat-mask-0246.png
E:/Research/Project/SplashDrone/data/src/utils\../../WildcatCreek-Data\images\wildcat-0247.jpg,E:/Research/Project/SplashDrone/data/src/utils\../../WildcatCreek-Data\annotations_binary\wildcat-mask-0247.png
E:/Research/Project/SplashDrone/data/src/utils\../../WildcatCreek-Data\images\wildcat-0248.jpg,E:/Research/Project/SplashDrone/data/src/utils\../../WildcatCreek-Data\annotations_binary\wildcat-mask-0248.png
E:/Research/Project/SplashDrone/data/src/utils\../../WildcatCreek-Data\images\wildcat-0249.jpg,E:/Research/Project/SplashDrone/data/src/utils\../../WildcatCreek-Data\annotations_binary\wildcat-mask-0249.png
E:/Research/Project/SplashDrone/data/src/utils\../../WildcatCreek-Data\images\wildcat-0250.jpg,E:/Research/Project/SplashDrone/data/src/utils\../../WildcatCreek-Data\annotations_binary\wildcat-mask-0250.png
E:/Research/Project/SplashDrone/data/src/utils\../../WildcatCreek-Data\images\wildcat-0251.jpg,E:/Research/Project/SplashDrone/data/src/utils\../../WildcatCreek-Data\annotations_binary\wildcat-mask-0251.png
E:/Research/Project/SplashDrone/data/src/utils\../../WildcatCreek-Data\images\wildcat-0252.jpg,E:/Research/Project/SplashDrone/data/src/utils\../../WildcatCreek-Data\annotations_binary\wildcat-mask-0252.png
E:/Research/Project/SplashDrone/data/src/utils\../../WildcatCreek-Data\images\wildcat-0253.jpg,E:/Research/Project/SplashDrone/data/src/utils\../../WildcatCreek-Data\annotations_binary\wildcat-mask-0253.png
E:/Research/Project/SplashDrone/data/src/utils\../../WildcatCreek-Data\images\wildcat-0254.jpg,E:/Research/Project/SplashDrone/data/src/utils\../../WildcatCreek-Data\annotations_binary\wildcat-mask-0254.png
E:/Research/Project/SplashDrone/data/src/utils\../../WildcatCreek-Data\images\wildcat-0255.jpg,E:/Research/Project/SplashDrone/data/src/utils\../../WildcatCreek-Data\annotations_binary\wildcat-mask-0255.png
E:/Research/Project/SplashDrone/data/src/utils\../../WildcatCreek-Data\images\wildcat-0256.jpg,E:/Research/Project/SplashDrone/data/src/utils\../../WildcatCreek-Data\annotations_binary\wildcat-mask-0256.png
E:/Research/Project/SplashDrone/data/src/utils\../../WildcatCreek-Data\images\wildcat-0257.jpg,E:/Research/Project/SplashDrone/data/src/utils\../../WildcatCreek-Data\annotations_binary\wildcat-mask-0257.png
E:/Research/Project/SplashDrone/data/src/utils\../../WildcatCreek-Data\images\wildcat-0258.jpg,E:/Research/Project/SplashDrone/data/src/utils\../../WildcatCreek-Data\annotations_binary\wildcat-mask-0258.png
E:/Research/Project/SplashDrone/data/src/utils\../../WildcatCreek-Data\images\wildcat-0259.jpg,E:/Research/Project/SplashDrone/data/src/utils\../../WildcatCreek-Data\annotations_binary\wildcat-mask-0259.png
E:/Research/Project/SplashDrone/data/src/utils\../../WildcatCreek-Data\images\wildcat-0260.jpg,E:/Research/Project/SplashDrone/data/src/utils\../../WildcatCreek-Data\annotations_binary\wildcat-mask-0260.png
E:/Research/Project/SplashDrone/data/src/utils\../../WildcatCreek-Data\images\wildcat-0261.jpg,E:/Research/Project/SplashDrone/data/src/utils\../../WildcatCreek-Data\annotations_binary\wildcat-mask-0261.png
E:/Research/Project/SplashDrone/data/src/utils\../../WildcatCreek-Data\images\wildcat-0262.jpg,E:/Research/Project/SplashDrone/data/src/utils\../../WildcatCreek-Data\annotations_binary\wildcat-mask-0262.png
E:/Research/Project/SplashDrone/data/src/utils\../../WildcatCreek-Data\images\wildcat-0263.jpg,E:/Research/Project/SplashDrone/data/src/utils\../../WildcatCreek-Data\annotations_binary\wildcat-mask-0263.png
E:/Research/Project/SplashDrone/data/src/utils\../../WildcatCreek-Data\images\wildcat-0264.jpg,E:/Research/Project/SplashDrone/data/src/utils\../../WildcatCreek-Data\annotations_binary\wildcat-mask-0264.png
E:/Research/Project/SplashDrone/data/src/utils\../../WildcatCreek-Data\images\wildcat-0265.jpg,E:/Research/Project/SplashDrone/data/src/utils\../../WildcatCreek-Data\annotations_binary\wildcat-mask-0265.png
E:/Research/Project/SplashDrone/data/src/utils\../../WildcatCreek-Data\images\wildcat-0266.jpg,E:/Research/Project/SplashDrone/data/src/utils\../../WildcatCreek-Data\annotations_binary\wildcat-mask-0266.png
E:/Research/Project/SplashDrone/data/src/utils\../../WildcatCreek-Data\images\wildcat-0267.jpg,E:/Research/Project/SplashDrone/data/src/utils\../../WildcatCreek-Data\annotations_binary\wildcat-mask-0267.png
E:/Research/Project/SplashDrone/data/src/utils\../../WildcatCreek-Data\images\wildcat-0268.jpg,E:/Research/Project/SplashDrone/data/src/utils\../../WildcatCreek-Data\annotations_binary\wildcat-mask-0268.png
E:/Research/Project/SplashDrone/data/src/utils\../../WildcatCreek-Data\images\wildcat-0269.jpg,E:/Research/Project/SplashDrone/data/src/utils\../../WildcatCreek-Data\annotations_binary\wildcat-mask-0269.png
E:/Research/Project/SplashDrone/data/src/utils\../../WildcatCreek-Data\images\wildcat-0270.jpg,E:/Research/Project/SplashDrone/data/src/utils\../../WildcatCreek-Data\annotations_binary\wildcat-mask-0270.png
E:/Research/Project/SplashDrone/data/src/utils\../../WildcatCreek-Data\images\wildcat-0271.jpg,E:/Research/Project/SplashDrone/data/src/utils\../../WildcatCreek-Data\annotations_binary\wildcat-mask-0271.png
E:/Research/Project/SplashDrone/data/src/utils\../../WildcatCreek-Data\images\wildcat-0272.jpg,E:/Research/Project/SplashDrone/data/src/utils\../../WildcatCreek-Data\annotations_binary\wildcat-mask-0272.png
E:/Research/Project/SplashDrone/data/src/utils\../../WildcatCreek-Data\images\wildcat-0273.jpg,E:/Research/Project/SplashDrone/data/src/utils\../../WildcatCreek-Data\annotations_binary\wildcat-mask-0273.png
E:/Research/Project/SplashDrone/data/src/utils\../../WildcatCreek-Data\images\wildcat-0274.jpg,E:/Research/Project/SplashDrone/data/src/utils\../../WildcatCreek-Data\annotations_binary\wildcat-mask-0274.png
E:/Research/Project/SplashDrone/data/src/utils\../../WildcatCreek-Data\images\wildcat-0275.jpg,E:/Research/Project/SplashDrone/data/src/utils\../../WildcatCreek-Data\annotations_binary\wildcat-mask-0275.png
E:/Research/Project/SplashDrone/data/src/utils\../../WildcatCreek-Data\images\wildcat-0276.jpg,E:/Research/Project/SplashDrone/data/src/utils\../../WildcatCreek-Data\annotations_binary\wildcat-mask-0276.png
E:/Research/Project/SplashDrone/data/src/utils\../../WildcatCreek-Data\images\wildcat-0277.jpg,E:/Research/Project/SplashDrone/data/src/utils\../../WildcatCreek-Data\annotations_binary\wildcat-mask-0277.png
E:/Research/Project/SplashDrone/data/src/utils\../../WildcatCreek-Data\images\wildcat-0278.jpg,E:/Research/Project/SplashDrone/data/src/utils\../../WildcatCreek-Data\annotations_binary\wildcat-mask-0278.png
E:/Research/Project/SplashDrone/data/src/utils\../../WildcatCreek-Data\images\wildcat-0279.jpg,E:/Research/Project/SplashDrone/data/src/utils\../../WildcatCreek-Data\annotations_binary\wildcat-mask-0279.png
E:/Research/Project/SplashDrone/data/src/utils\../../WildcatCreek-Data\images\wildcat-0280.jpg,E:/Research/Project/SplashDrone/data/src/utils\../../WildcatCreek-Data\annotations_binary\wildcat-mask-0280.png
E:/Research/Project/SplashDrone/data/src/utils\../../WildcatCreek-Data\images\wildcat-0281.jpg,E:/Research/Project/SplashDrone/data/src/utils\../../WildcatCreek-Data\annotations_binary\wildcat-mask-0281.png
E:/Research/Project/SplashDrone/data/src/utils\../../WildcatCreek-Data\images\wildcat-0282.jpg,E:/Research/Project/SplashDrone/data/src/utils\../../WildcatCreek-Data\annotations_binary\wildcat-mask-0282.png
E:/Research/Project/SplashDrone/data/src/utils\../../WildcatCreek-Data\images\wildcat-0283.jpg,E:/Research/Project/SplashDrone/data/src/utils\../../WildcatCreek-Data\annotations_binary\wildcat-mask-0283.png
E:/Research/Project/SplashDrone/data/src/utils\../../WildcatCreek-Data\images\wildcat-0284.jpg,E:/Research/Project/SplashDrone/data/src/utils\../../WildcatCreek-Data\annotations_binary\wildcat-mask-0284.png
E:/Research/Project/SplashDrone/data/src/utils\../../WildcatCreek-Data\images\wildcat-0285.jpg,E:/Research/Project/SplashDrone/data/src/utils\../../WildcatCreek-Data\annotations_binary\wildcat-mask-0285.png
E:/Research/Project/SplashDrone/data/src/utils\../../WildcatCreek-Data\images\wildcat-0286.jpg,E:/Research/Project/SplashDrone/data/src/utils\../../WildcatCreek-Data\annotations_binary\wildcat-mask-0286.png
E:/Research/Project/SplashDrone/data/src/utils\../../WildcatCreek-Data\images\wildcat-0287.jpg,E:/Research/Project/SplashDrone/data/src/utils\../../WildcatCreek-Data\annotations_binary\wildcat-mask-0287.png
E:/Research/Project/SplashDrone/data/src/utils\../../WildcatCreek-Data\images\wildcat-0288.jpg,E:/Research/Project/SplashDrone/data/src/utils\../../WildcatCreek-Data\annotations_binary\wildcat-mask-0288.png
E:/Research/Project/SplashDrone/data/src/utils\../../WildcatCreek-Data\images\wildcat-0289.jpg,E:/Research/Project/SplashDrone/data/src/utils\../../WildcatCreek-Data\annotations_binary\wildcat-mask-0289.png
E:/Research/Project/SplashDrone/data/src/utils\../../WildcatCreek-Data\images\wildcat-0290.jpg,E:/Research/Project/SplashDrone/data/src/utils\../../WildcatCreek-Data\annotations_binary\wildcat-mask-0290.png
E:/Research/Project/SplashDrone/data/src/utils\../../WildcatCreek-Data\images\wildcat-0291.jpg,E:/Research/Project/SplashDrone/data/src/utils\../../WildcatCreek-Data\annotations_binary\wildcat-mask-0291.png
E:/Research/Project/SplashDrone/data/src/utils\../../WildcatCreek-Data\images\wildcat-0292.jpg,E:/Research/Project/SplashDrone/data/src/utils\../../WildcatCreek-Data\annotations_binary\wildcat-mask-0292.png
E:/Research/Project/SplashDrone/data/src/utils\../../WildcatCreek-Data\images\wildcat-0293.jpg,E:/Research/Project/SplashDrone/data/src/utils\../../WildcatCreek-Data\annotations_binary\wildcat-mask-0293.png
E:/Research/Project/SplashDrone/data/src/utils\../../WildcatCreek-Data\images\wildcat-0294.jpg,E:/Research/Project/SplashDrone/data/src/utils\../../WildcatCreek-Data\annotations_binary\wildcat-mask-0294.png
E:/Research/Project/SplashDrone/data/src/utils\../../WildcatCreek-Data\images\wildcat-0295.jpg,E:/Research/Project/SplashDrone/data/src/utils\../../WildcatCreek-Data\annotations_binary\wildcat-mask-0295.png
E:/Research/Project/SplashDrone/data/src/utils\../../WildcatCreek-Data\images\wildcat-0296.jpg,E:/Research/Project/SplashDrone/data/src/utils\../../WildcatCreek-Data\annotations_binary\wildcat-mask-0296.png
E:/Research/Project/SplashDrone/data/src/utils\../../WildcatCreek-Data\images\wildcat-0297.jpg,E:/Research/Project/SplashDrone/data/src/utils\../../WildcatCreek-Data\annotations_binary\wildcat-mask-0297.png
E:/Research/Project/SplashDrone/data/src/utils\../../WildcatCreek-Data\images\wildcat-0298.jpg,E:/Research/Project/SplashDrone/data/src/utils\../../WildcatCreek-Data\annotations_binary\wildcat-mask-0298.png
E:/Research/Project/SplashDrone/data/src/utils\../../WildcatCreek-Data\images\wildcat-0299.jpg,E:/Research/Project/SplashDrone/data/src/utils\../../WildcatCreek-Data\annotations_binary\wildcat-mask-0299.png
E:/Research/Project/SplashDrone/data/src/utils\../../WildcatCreek-Data\images\wildcat-0300.jpg,E:/Research/Project/SplashDrone/data/src/utils\../../WildcatCreek-Data\annotations_binary\wildcat-mask-0300.png
E:/Research/Project/SplashDrone/data/src/utils\../../WildcatCreek-Data\images\wildcat-0301.jpg,E:/Research/Project/SplashDrone/data/src/utils\../../WildcatCreek-Data\annotations_binary\wildcat-mask-0301.png
E:/Research/Project/SplashDrone/data/src/utils\../../WildcatCreek-Data\images\wildcat-0302.jpg,E:/Research/Project/SplashDrone/data/src/utils\../../WildcatCreek-Data\annotations_binary\wildcat-mask-0302.png
E:/Research/Project/SplashDrone/data/src/utils\../../WildcatCreek-Data\images\wildcat-0303.jpg,E:/Research/Project/SplashDrone/data/src/utils\../../WildcatCreek-Data\annotations_binary\wildcat-mask-0303.png
E:/Research/Project/SplashDrone/data/src/utils\../../WildcatCreek-Data\images\wildcat-0304.jpg,E:/Research/Project/SplashDrone/data/src/utils\../../WildcatCreek-Data\annotations_binary\wildcat-mask-0304.png
E:/Research/Project/SplashDrone/data/src/utils\../../WildcatCreek-Data\images\wildcat-0305.jpg,E:/Research/Project/SplashDrone/data/src/utils\../../WildcatCreek-Data\annotations_binary\wildcat-mask-0305.png
E:/Research/Project/SplashDrone/data/src/utils\../../WildcatCreek-Data\images\wildcat-0306.jpg,E:/Research/Project/SplashDrone/data/src/utils\../../WildcatCreek-Data\annotations_binary\wildcat-mask-0306.png
E:/Research/Project/SplashDrone/data/src/utils\../../WildcatCreek-Data\images\wildcat-0307.jpg,E:/Research/Project/SplashDrone/data/src/utils\../../WildcatCreek-Data\annotations_binary\wildcat-mask-0307.png
E:/Research/Project/SplashDrone/data/src/utils\../../WildcatCreek-Data\images\wildcat-0308.jpg,E:/Research/Project/SplashDrone/data/src/utils\../../WildcatCreek-Data\annotations_binary\wildcat-mask-0308.png
E:/Research/Project/SplashDrone/data/src/utils\../../WildcatCreek-Data\images\wildcat-0309.jpg,E:/Research/Project/SplashDrone/data/src/utils\../../WildcatCreek-Data\annotations_binary\wildcat-mask-0309.png
E:/Research/Project/SplashDrone/data/src/utils\../../WildcatCreek-Data\images\wildcat-0310.jpg,E:/Research/Project/SplashDrone/data/src/utils\../../WildcatCreek-Data\annotations_binary\wildcat-mask-0310.png
E:/Research/Project/SplashDrone/data/src/utils\../../WildcatCreek-Data\images\wildcat-0311.jpg,E:/Research/Project/SplashDrone/data/src/utils\../../WildcatCreek-Data\annotations_binary\wildcat-mask-0311.png
E:/Research/Project/SplashDrone/data/src/utils\../../WildcatCreek-Data\images\wildcat-0312.jpg,E:/Research/Project/SplashDrone/data/src/utils\../../WildcatCreek-Data\annotations_binary\wildcat-mask-0312.png
E:/Research/Project/SplashDrone/data/src/utils\../../WildcatCreek-Data\images\wildcat-0313.jpg,E:/Research/Project/SplashDrone/data/src/utils\../../WildcatCreek-Data\annotations_binary\wildcat-mask-0313.png
E:/Research/Project/SplashDrone/data/src/utils\../../WildcatCreek-Data\images\wildcat-0314.jpg,E:/Research/Project/SplashDrone/data/src/utils\../../WildcatCreek-Data\annotations_binary\wildcat-mask-0314.png
