E:/Research/Project/SplashDrone/data/src/utils\../../Deep-Learning-Data/Dartmouth_dataset\images\Dartmouth00012.jpg,E:/Research/Project/SplashDrone/data/src/utils\../../Deep-Learning-Data/Dartmouth_dataset\annotations_tif\SCLS_Dartmouth00012.tif
E:/Research/Project/SplashDrone/data/src/utils\../../Deep-Learning-Data/Dartmouth_dataset\images\Dartmouth00080.jpg,E:/Research/Project/SplashDrone/data/src/utils\../../Deep-Learning-Data/Dartmouth_dataset\annotations_tif\SCLS_Dartmouth00080.tif
E:/Research/Project/SplashDrone/data/src/utils\../../Deep-Learning-Data/Dartmouth_dataset\images\Dartmouth00082.jpg,E:/Research/Project/SplashDrone/data/src/utils\../../Deep-Learning-Data/Dartmouth_dataset\annotations_tif\SCLS_Dartmouth00082.tif
E:/Research/Project/SplashDrone/data/src/utils\../../Deep-Learning-Data/Dartmouth_dataset\images\Dartmouth00277.jpg,E:/Research/Project/SplashDrone/data/src/utils\../../Deep-Learning-Data/Dartmouth_dataset\annotations_tif\SCLS_Dartmouth00277.tif
E:/Research/Project/SplashDrone/data/src/utils\../../Deep-Learning-Data/Dartmouth_dataset\images\Dartmouth00280.jpg,E:/Research/Project/SplashDrone/data/src/utils\../../Deep-Learning-Data/Dartmouth_dataset\annotations_tif\SCLS_Dartmouth00280.tif
E:/Research/Project/SplashDrone/data/src/utils\../../Deep-Learning-Data/Dartmouth_dataset\images\Dartmouth00285.jpg,E:/Research/Project/SplashDrone/data/src/utils\../../Deep-Learning-Data/Dartmouth_dataset\annotations_tif\SCLS_Dartmouth00285.tif
E:/Research/Project/SplashDrone/data/src/utils\../../Deep-Learning-Data/Dartmouth_dataset\images\Dartmouth00290.jpg,E:/Research/Project/SplashDrone/data/src/utils\../../Deep-Learning-Data/Dartmouth_dataset\annotations_tif\SCLS_Dartmouth00290.tif
E:/Research/Project/SplashDrone/data/src/utils\../../Deep-Learning-Data/Dartmouth_dataset\images\Dartmouth00354.jpg,E:/Research/Project/SplashDrone/data/src/utils\../../Deep-Learning-Data/Dartmouth_dataset\annotations_tif\SCLS_Dartmouth00354.tif
E:/Research/Project/SplashDrone/data/src/utils\../../Deep-Learning-Data/Dartmouth_dataset\images\Dartmouth00570.jpg,E:/Research/Project/SplashDrone/data/src/utils\../../Deep-Learning-Data/Dartmouth_dataset\annotations_tif\SCLS_Dartmouth00570.tif
E:/Research/Project/SplashDrone/data/src/utils\../../Deep-Learning-Data/Dartmouth_dataset\images\Dartmouth00700.jpg,E:/Research/Project/SplashDrone/data/src/utils\../../Deep-Learning-Data/Dartmouth_dataset\annotations_tif\SCLS_Dartmouth00700.tif
E:/Research/Project/SplashDrone/data/src/utils\../../Deep-Learning-Data/Dartmouth_dataset\images\Dartmouth00756.jpg,E:/Research/Project/SplashDrone/data/src/utils\../../Deep-Learning-Data/Dartmouth_dataset\annotations_tif\SCLS_Dartmouth00756.tif
E:/Research/Project/SplashDrone/data/src/utils\../../Deep-Learning-Data/Dartmouth_dataset\images\Dartmouth01133.jpg,E:/Research/Project/SplashDrone/data/src/utils\../../Deep-Learning-Data/Dartmouth_dataset\annotations_tif\SCLS_Dartmouth01133.tif
E:/Research/Project/SplashDrone/data/src/utils\../../Deep-Learning-Data/Dartmouth_dataset\images\Dartmouth01182.jpg,E:/Research/Project/SplashDrone/data/src/utils\../../Deep-Learning-Data/Dartmouth_dataset\annotations_tif\SCLS_Dartmouth01182.tif
E:/Research/Project/SplashDrone/data/src/utils\../../Deep-Learning-Data/Dartmouth_dataset\images\Dartmouth01224.jpg,E:/Research/Project/SplashDrone/data/src/utils\../../Deep-Learning-Data/Dartmouth_dataset\annotations_tif\SCLS_Dartmouth01224.tif
E:/Research/Project/SplashDrone/data/src/utils\../../Deep-Learning-Data/Dartmouth_dataset\images\Dartmouth01249.jpg,E:/Research/Project/SplashDrone/data/src/utils\../../Deep-Learning-Data/Dartmouth_dataset\annotations_tif\SCLS_Dartmouth01249.tif
E:/Research/Project/SplashDrone/data/src/utils\../../Deep-Learning-Data/Dartmouth_dataset\images\Dartmouth01272.jpg,E:/Research/Project/SplashDrone/data/src/utils\../../Deep-Learning-Data/Dartmouth_dataset\annotations_tif\SCLS_Dartmouth01272.tif
E:/Research/Project/SplashDrone/data/src/utils\../../Deep-Learning-Data/Dartmouth_dataset\images\Dartmouth01312.jpg,E:/Research/Project/SplashDrone/data/src/utils\../../Deep-Learning-Data/Dartmouth_dataset\annotations_tif\SCLS_Dartmouth01312.tif
E:/Research/Project/SplashDrone/data/src/utils\../../Deep-Learning-Data/Dartmouth_dataset\images\Dartmouth01365.jpg,E:/Research/Project/SplashDrone/data/src/utils\../../Deep-Learning-Data/Dartmouth_dataset\annotations_tif\SCLS_Dartmouth01365.tif
E:/Research/Project/SplashDrone/data/src/utils\../../Deep-Learning-Data/diVeny_dataset\images\diVeny00188.jpg,E:/Research/Project/SplashDrone/data/src/utils\../../Deep-Learning-Data/diVeny_dataset\annotations_tif\SCLS_diVeny00188.tif
E:/Research/Project/SplashDrone/data/src/utils\../../Deep-Learning-Data/diVeny_dataset\images\diVeny00200.jpg,E:/Research/Project/SplashDrone/data/src/utils\../../Deep-Learning-Data/diVeny_dataset\annotations_tif\SCLS_diVeny00200.tif
E:/Research/Project/SplashDrone/data/src/utils\../../Deep-Learning-Data/diVeny_dataset\images\diVeny00208.jpg,E:/Research/Project/SplashDrone/data/src/utils\../../Deep-Learning-Data/diVeny_dataset\annotations_tif\SCLS_diVeny00208.tif
E:/Research/Project/SplashDrone/data/src/utils\../../Deep-Learning-Data/diVeny_dataset\images\diVeny00215.jpg,E:/Research/Project/SplashDrone/data/src/utils\../../Deep-Learning-Data/diVeny_dataset\annotations_tif\SCLS_diVeny00215.tif
E:/Research/Project/SplashDrone/data/src/utils\../../Deep-Learning-Data/diVeny_dataset\images\diVeny00230.jpg,E:/Research/Project/SplashDrone/data/src/utils\../../Deep-Learning-Data/diVeny_dataset\annotations_tif\SCLS_diVeny00230.tif
E:/Research/Project/SplashDrone/data/src/utils\../../Deep-Learning-Data/diVeny_dataset\images\diVeny00239.jpg,E:/Research/Project/SplashDrone/data/src/utils\../../Deep-Learning-Data/diVeny_dataset\annotations_tif\SCLS_diVeny00239.tif
E:/Research/Project/SplashDrone/data/src/utils\../../Deep-Learning-Data/diVeny_dataset\images\diVeny00253.jpg,E:/Research/Project/SplashDrone/data/src/utils\../../Deep-Learning-Data/diVeny_dataset\annotations_tif\SCLS_diVeny00253.tif
E:/Research/Project/SplashDrone/data/src/utils\../../Deep-Learning-Data/diVeny_dataset\images\diVeny00281.jpg,E:/Research/Project/SplashDrone/data/src/utils\../../Deep-Learning-Data/diVeny_dataset\annotations_tif\SCLS_diVeny00281.tif
E:/Research/Project/SplashDrone/data/src/utils\../../Deep-Learning-Data/diVeny_dataset\images\diVeny00290.jpg,E:/Research/Project/SplashDrone/data/src/utils\../../Deep-Learning-Data/diVeny_dataset\annotations_tif\SCLS_diVeny00290.tif
E:/Research/Project/SplashDrone/data/src/utils\../../Deep-Learning-Data/diVeny_dataset\images\diVeny00295.jpg,E:/Research/Project/SplashDrone/data/src/utils\../../Deep-Learning-Data/diVeny_dataset\annotations_tif\SCLS_diVeny00295.tif
E:/Research/Project/SplashDrone/data/src/utils\../../Deep-Learning-Data/Eamont_dataset\images\Eamont00535.jpg,E:/Research/Project/SplashDrone/data/src/utils\../../Deep-Learning-Data/Eamont_dataset\annotations_tif\SCLS_Eamont00535.tif
E:/Research/Project/SplashDrone/data/src/utils\../../Deep-Learning-Data/Eamont_dataset\images\Eamont00539.jpg,E:/Research/Project/SplashDrone/data/src/utils\../../Deep-Learning-Data/Eamont_dataset\annotations_tif\SCLS_Eamont00539.tif
E:/Research/Project/SplashDrone/data/src/utils\../../Deep-Learning-Data/Eamont_dataset\images\Eamont00555.jpg,E:/Research/Project/SplashDrone/data/src/utils\../../Deep-Learning-Data/Eamont_dataset\annotations_tif\SCLS_Eamont00555.tif
E:/Research/Project/SplashDrone/data/src/utils\../../Deep-Learning-Data/Eamont_dataset\images\Eamont00557.jpg,E:/Research/Project/SplashDrone/data/src/utils\../../Deep-Learning-Data/Eamont_dataset\annotations_tif\SCLS_Eamont00557.tif
E:/Research/Project/SplashDrone/data/src/utils\../../Deep-Learning-Data/Eamont_dataset\images\Eamont00559.jpg,E:/Research/Project/SplashDrone/data/src/utils\../../Deep-Learning-Data/Eamont_dataset\annotations_tif\SCLS_Eamont00559.tif
E:/Research/Project/SplashDrone/data/src/utils\../../Deep-Learning-Data/Eamont_dataset\images\Eamont00563.jpg,E:/Research/Project/SplashDrone/data/src/utils\../../Deep-Learning-Data/Eamont_dataset\annotations_tif\SCLS_Eamont00563.tif
E:/Research/Project/SplashDrone/data/src/utils\../../Deep-Learning-Data/Eamont_dataset\images\Eamont00565.jpg,E:/Research/Project/SplashDrone/data/src/utils\../../Deep-Learning-Data/Eamont_dataset\annotations_tif\SCLS_Eamont00565.tif
E:/Research/Project/SplashDrone/data/src/utils\../../Deep-Learning-Data/Eamont_dataset\images\Eamont00569.jpg,E:/Research/Project/SplashDrone/data/src/utils\../../Deep-Learning-Data/Eamont_dataset\annotations_tif\SCLS_Eamont00569.tif
E:/Research/Project/SplashDrone/data/src/utils\../../Deep-Learning-Data/Eamont_dataset\images\Eamont00573.jpg,E:/Research/Project/SplashDrone/data/src/utils\../../Deep-Learning-Data/Eamont_dataset\annotations_tif\SCLS_Eamont00573.tif
E:/Research/Project/SplashDrone/data/src/utils\../../Deep-Learning-Data/Eamont_dataset\images\Eamont00577.jpg,E:/Research/Project/SplashDrone/data/src/utils\../../Deep-Learning-Data/Eamont_dataset\annotations_tif\SCLS_Eamont00577.tif
E:/Research/Project/SplashDrone/data/src/utils\../../Deep-Learning-Data/Eamont_dataset\images\Eamont00581.jpg,E:/Research/Project/SplashDrone/data/src/utils\../../Deep-Learning-Data/Eamont_dataset\annotations_tif\SCLS_Eamont00581.tif
E:/Research/Project/SplashDrone/data/src/utils\../../Deep-Learning-Data/Eamont_dataset\images\Eamont00583.jpg,E:/Research/Project/SplashDrone/data/src/utils\../../Deep-Learning-Data/Eamont_dataset\annotations_tif\SCLS_Eamont00583.tif
E:/Research/Project/SplashDrone/data/src/utils\../../Deep-Learning-Data/Eamont_dataset\images\Eamont00585.jpg,E:/Research/Project/SplashDrone/data/src/utils\../../Deep-Learning-Data/Eamont_dataset\annotations_tif\SCLS_Eamont00585.tif
E:/Research/Project/SplashDrone/data/src/utils\../../Deep-Learning-Data/Eamont_dataset\images\Eamont00587.jpg,E:/Research/Project/SplashDrone/data/src/utils\../../Deep-Learning-Data/Eamont_dataset\annotations_tif\SCLS_Eamont00587.tif
E:/Research/Project/SplashDrone/data/src/utils\../../Deep-Learning-Data/Eamont_dataset\images\Eamont00589.jpg,E:/Research/Project/SplashDrone/data/src/utils\../../Deep-Learning-Data/Eamont_dataset\annotations_tif\SCLS_Eamont00589.tif
E:/Research/Project/SplashDrone/data/src/utils\../../Deep-Learning-Data/Eamont_dataset\images\Eamont00591.jpg,E:/Research/Project/SplashDrone/data/src/utils\../../Deep-Learning-Data/Eamont_dataset\annotations_tif\SCLS_Eamont00591.tif
E:/Research/Project/SplashDrone/data/src/utils\../../Deep-Learning-Data/Eamont_dataset\images\Eamont00593.jpg,E:/Research/Project/SplashDrone/data/src/utils\../../Deep-Learning-Data/Eamont_dataset\annotations_tif\SCLS_Eamont00593.tif
E:/Research/Project/SplashDrone/data/src/utils\../../Deep-Learning-Data/Eamont_dataset\images\Eamont00597.jpg,E:/Research/Project/SplashDrone/data/src/utils\../../Deep-Learning-Data/Eamont_dataset\annotations_tif\SCLS_Eamont00597.tif
E:/Research/Project/SplashDrone/data/src/utils\../../Deep-Learning-Data/Eamont_dataset\images\Eamont00599.jpg,E:/Research/Project/SplashDrone/data/src/utils\../../Deep-Learning-Data/Eamont_dataset\annotations_tif\SCLS_Eamont00599.tif
E:/Research/Project/SplashDrone/data/src/utils\../../Deep-Learning-Data/Eamont_dataset\images\Eamont00601.jpg,E:/Research/Project/SplashDrone/data/src/utils\../../Deep-Learning-Data/Eamont_dataset\annotations_tif\SCLS_Eamont00601.tif
E:/Research/Project/SplashDrone/data/src/utils\../../Deep-Learning-Data/Eamont_dataset\images\Eamont00603.jpg,E:/Research/Project/SplashDrone/data/src/utils\../../Deep-Learning-Data/Eamont_dataset\annotations_tif\SCLS_Eamont00603.tif
E:/Research/Project/SplashDrone/data/src/utils\../../Deep-Learning-Data/Eamont_dataset\images\Eamont00605.jpg,E:/Research/Project/SplashDrone/data/src/utils\../../Deep-Learning-Data/Eamont_dataset\annotations_tif\SCLS_Eamont00605.tif
E:/Research/Project/SplashDrone/data/src/utils\../../Deep-Learning-Data/Eamont_dataset\images\Eamont00617.jpg,E:/Research/Project/SplashDrone/data/src/utils\../../Deep-Learning-Data/Eamont_dataset\annotations_tif\SCLS_Eamont00617.tif
E:/Research/Project/SplashDrone/data/src/utils\../../Deep-Learning-Data/Kananaskis_dataset\images\Kananaskis00050.jpg,E:/Research/Project/SplashDrone/data/src/utils\../../Deep-Learning-Data/Kananaskis_dataset\annotations_tif\SCLS_Kananaskis00050.tif
E:/Research/Project/SplashDrone/data/src/utils\../../Deep-Learning-Data/Kananaskis_dataset\images\Kananaskis00065.jpg,E:/Research/Project/SplashDrone/data/src/utils\../../Deep-Learning-Data/Kananaskis_dataset\annotations_tif\SCLS_Kananaskis00065.tif
E:/Research/Project/SplashDrone/data/src/utils\../../Deep-Learning-Data/Kananaskis_dataset\images\Kananaskis00088.jpg,E:/Research/Project/SplashDrone/data/src/utils\../../Deep-Learning-Data/Kananaskis_dataset\annotations_tif\SCLS_Kananaskis00088.tif
E:/Research/Project/SplashDrone/data/src/utils\../../Deep-Learning-Data/Kananaskis_dataset\images\Kananaskis00121.jpg,E:/Research/Project/SplashDrone/data/src/utils\../../Deep-Learning-Data/Kananaskis_dataset\annotations_tif\SCLS_Kananaskis00121.tif
E:/Research/Project/SplashDrone/data/src/utils\../../Deep-Learning-Data/Kananaskis_dataset\images\Kananaskis00132.jpg,E:/Research/Project/SplashDrone/data/src/utils\../../Deep-Learning-Data/Kananaskis_dataset\annotations_tif\SCLS_Kananaskis00132.tif
E:/Research/Project/SplashDrone/data/src/utils\../../Deep-Learning-Data/Kananaskis_dataset\images\Kananaskis00155.jpg,E:/Research/Project/SplashDrone/data/src/utils\../../Deep-Learning-Data/Kananaskis_dataset\annotations_tif\SCLS_Kananaskis00155.tif
E:/Research/Project/SplashDrone/data/src/utils\../../Deep-Learning-Data/Kananaskis_dataset\images\Kananaskis00189.jpg,E:/Research/Project/SplashDrone/data/src/utils\../../Deep-Learning-Data/Kananaskis_dataset\annotations_tif\SCLS_Kananaskis00189.tif
E:/Research/Project/SplashDrone/data/src/utils\../../Deep-Learning-Data/Kananaskis_dataset\images\Kananaskis00200.jpg,E:/Research/Project/SplashDrone/data/src/utils\../../Deep-Learning-Data/Kananaskis_dataset\annotations_tif\SCLS_Kananaskis00200.tif
E:/Research/Project/SplashDrone/data/src/utils\../../Deep-Learning-Data/Kananaskis_dataset\images\Kananaskis00222.jpg,E:/Research/Project/SplashDrone/data/src/utils\../../Deep-Learning-Data/Kananaskis_dataset\annotations_tif\SCLS_Kananaskis00222.tif
E:/Research/Project/SplashDrone/data/src/utils\../../Deep-Learning-Data/Kananaskis_dataset\images\Kananaskis00256.jpg,E:/Research/Project/SplashDrone/data/src/utils\../../Deep-Learning-Data/Kananaskis_dataset\annotations_tif\SCLS_Kananaskis00256.tif
E:/Research/Project/SplashDrone/data/src/utils\../../Deep-Learning-Data/Kananaskis_dataset\images\Kananaskis00289.jpg,E:/Research/Project/SplashDrone/data/src/utils\../../Deep-Learning-Data/Kananaskis_dataset\annotations_tif\SCLS_Kananaskis00289.tif
E:/Research/Project/SplashDrone/data/src/utils\../../Deep-Learning-Data/Kananaskis_dataset\images\Kananaskis00327.jpg,E:/Research/Project/SplashDrone/data/src/utils\../../Deep-Learning-Data/Kananaskis_dataset\annotations_tif\SCLS_Kananaskis00327.tif
E:/Research/Project/SplashDrone/data/src/utils\../../Deep-Learning-Data/Kananaskis_dataset\images\Kananaskis00338.jpg,E:/Research/Project/SplashDrone/data/src/utils\../../Deep-Learning-Data/Kananaskis_dataset\annotations_tif\SCLS_Kananaskis00338.tif
E:/Research/Project/SplashDrone/data/src/utils\../../Deep-Learning-Data/Kananaskis_dataset\images\Kananaskis01065.jpg,E:/Research/Project/SplashDrone/data/src/utils\../../Deep-Learning-Data/Kananaskis_dataset\annotations_tif\SCLS_Kananaskis01065.tif
E:/Research/Project/SplashDrone/data/src/utils\../../Deep-Learning-Data/Kananaskis_dataset\images\Kananaskis01087.jpg,E:/Research/Project/SplashDrone/data/src/utils\../../Deep-Learning-Data/Kananaskis_dataset\annotations_tif\SCLS_Kananaskis01087.tif
E:/Research/Project/SplashDrone/data/src/utils\../../Deep-Learning-Data/Kananaskis_dataset\images\Kananaskis01121.jpg,E:/Research/Project/SplashDrone/data/src/utils\../../Deep-Learning-Data/Kananaskis_dataset\annotations_tif\SCLS_Kananaskis01121.tif
E:/Research/Project/SplashDrone/data/src/utils\../../Deep-Learning-Data/Kingie_dataset\images\Kingie00408.jpg,E:/Research/Project/SplashDrone/data/src/utils\../../Deep-Learning-Data/Kingie_dataset\annotations_tif\SCLS_Kingie00408.tif
E:/Research/Project/SplashDrone/data/src/utils\../../Deep-Learning-Data/Kingie_dataset\images\Kingie00414.jpg,E:/Research/Project/SplashDrone/data/src/utils\../../Deep-Learning-Data/Kingie_dataset\annotations_tif\SCLS_Kingie00414.tif
E:/Research/Project/SplashDrone/data/src/utils\../../Deep-Learning-Data/Kingie_dataset\images\Kingie00420.jpg,E:/Research/Project/SplashDrone/data/src/utils\../../Deep-Learning-Data/Kingie_dataset\annotations_tif\SCLS_Kingie00420.tif
E:/Research/Project/SplashDrone/data/src/utils\../../Deep-Learning-Data/Kingie_dataset\images\Kingie00426.jpg,E:/Research/Project/SplashDrone/data/src/utils\../../Deep-Learning-Data/Kingie_dataset\annotations_tif\SCLS_Kingie00426.tif
E:/Research/Project/SplashDrone/data/src/utils\../../Deep-Learning-Data/Kingie_dataset\images\Kingie00432.jpg,E:/Research/Project/SplashDrone/data/src/utils\../../Deep-Learning-Data/Kingie_dataset\annotations_tif\SCLS_Kingie00432.tif
E:/Research/Project/SplashDrone/data/src/utils\../../Deep-Learning-Data/Kingie_dataset\images\Kingie00438.jpg,E:/Research/Project/SplashDrone/data/src/utils\../../Deep-Learning-Data/Kingie_dataset\annotations_tif\SCLS_Kingie00438.tif
E:/Research/Project/SplashDrone/data/src/utils\../../Deep-Learning-Data/Kingie_dataset\images\Kingie00444.jpg,E:/Research/Project/SplashDrone/data/src/utils\../../Deep-Learning-Data/Kingie_dataset\annotations_tif\SCLS_Kingie00444.tif
E:/Research/Project/SplashDrone/data/src/utils\../../Deep-Learning-Data/Kingie_dataset\images\Kingie00450.jpg,E:/Research/Project/SplashDrone/data/src/utils\../../Deep-Learning-Data/Kingie_dataset\annotations_tif\SCLS_Kingie00450.tif
E:/Research/Project/SplashDrone/data/src/utils\../../Deep-Learning-Data/Kingie_dataset\images\Kingie00456.jpg,E:/Research/Project/SplashDrone/data/src/utils\../../Deep-Learning-Data/Kingie_dataset\annotations_tif\SCLS_Kingie00456.tif
E:/Research/Project/SplashDrone/data/src/utils\../../Deep-Learning-Data/Kingie_dataset\images\Kingie00462.jpg,E:/Research/Project/SplashDrone/data/src/utils\../../Deep-Learning-Data/Kingie_dataset\annotations_tif\SCLS_Kingie00462.tif
E:/Research/Project/SplashDrone/data/src/utils\../../Deep-Learning-Data/Kingie_dataset\images\Kingie00468.jpg,E:/Research/Project/SplashDrone/data/src/utils\../../Deep-Learning-Data/Kingie_dataset\annotations_tif\SCLS_Kingie00468.tif
E:/Research/Project/SplashDrone/data/src/utils\../../Deep-Learning-Data/Kingie_dataset\images\Kingie00498.jpg,E:/Research/Project/SplashDrone/data/src/utils\../../Deep-Learning-Data/Kingie_dataset\annotations_tif\SCLS_Kingie00498.tif
E:/Research/Project/SplashDrone/data/src/utils\../../Deep-Learning-Data/Kingie_dataset\images\Kingie00504.jpg,E:/Research/Project/SplashDrone/data/src/utils\../../Deep-Learning-Data/Kingie_dataset\annotations_tif\SCLS_Kingie00504.tif
E:/Research/Project/SplashDrone/data/src/utils\../../Deep-Learning-Data/Kingie_dataset\images\Kingie00577.jpg,E:/Research/Project/SplashDrone/data/src/utils\../../Deep-Learning-Data/Kingie_dataset\annotations_tif\SCLS_Kingie00577.tif
E:/Research/Project/SplashDrone/data/src/utils\../../Deep-Learning-Data/Kingie_dataset\images\Kingie00601.jpg,E:/Research/Project/SplashDrone/data/src/utils\../../Deep-Learning-Data/Kingie_dataset\annotations_tif\SCLS_Kingie00601.tif
E:/Research/Project/SplashDrone/data/src/utils\../../Deep-Learning-Data/Kingie_dataset\images\Kingie00625.jpg,E:/Research/Project/SplashDrone/data/src/utils\../../Deep-Learning-Data/Kingie_dataset\annotations_tif\SCLS_Kingie00625.tif
E:/Research/Project/SplashDrone/data/src/utils\../../Deep-Learning-Data/Kingie_dataset\images\Kingie00661.jpg,E:/Research/Project/SplashDrone/data/src/utils\../../Deep-Learning-Data/Kingie_dataset\annotations_tif\SCLS_Kingie00661.tif
E:/Research/Project/SplashDrone/data/src/utils\../../Deep-Learning-Data/Kingie_dataset\images\Kingie00703.jpg,E:/Research/Project/SplashDrone/data/src/utils\../../Deep-Learning-Data/Kingie_dataset\annotations_tif\SCLS_Kingie00703.tif
E:/Research/Project/SplashDrone/data/src/utils\../../Deep-Learning-Data/Kingie_dataset\images\Kingie00739.jpg,E:/Research/Project/SplashDrone/data/src/utils\../../Deep-Learning-Data/Kingie_dataset\annotations_tif\SCLS_Kingie00739.tif
E:/Research/Project/SplashDrone/data/src/utils\../../Deep-Learning-Data/Kingie_dataset\images\Kingie00866.jpg,E:/Research/Project/SplashDrone/data/src/utils\../../Deep-Learning-Data/Kingie_dataset\annotations_tif\SCLS_Kingie00866.tif
E:/Research/Project/SplashDrone/data/src/utils\../../Deep-Learning-Data/Kingie_dataset\images\Kingie00872.jpg,E:/Research/Project/SplashDrone/data/src/utils\../../Deep-Learning-Data/Kingie_dataset\annotations_tif\SCLS_Kingie00872.tif
E:/Research/Project/SplashDrone/data/src/utils\../../Deep-Learning-Data/Kingie_dataset\images\Kingie00878.jpg,E:/Research/Project/SplashDrone/data/src/utils\../../Deep-Learning-Data/Kingie_dataset\annotations_tif\SCLS_Kingie00878.tif
E:/Research/Project/SplashDrone/data/src/utils\../../Deep-Learning-Data/Kingie_dataset\images\Kingie00884.jpg,E:/Research/Project/SplashDrone/data/src/utils\../../Deep-Learning-Data/Kingie_dataset\annotations_tif\SCLS_Kingie00884.tif
E:/Research/Project/SplashDrone/data/src/utils\../../Deep-Learning-Data/Kingie_dataset\images\Kingie00896.jpg,E:/Research/Project/SplashDrone/data/src/utils\../../Deep-Learning-Data/Kingie_dataset\annotations_tif\SCLS_Kingie00896.tif
E:/Research/Project/SplashDrone/data/src/utils\../../Deep-Learning-Data/Kinogawa_dataset\images\Kinogawa00025.jpg,E:/Research/Project/SplashDrone/data/src/utils\../../Deep-Learning-Data/Kinogawa_dataset\annotations_tif\SCLS_Kinogawa00025.tif
E:/Research/Project/SplashDrone/data/src/utils\../../Deep-Learning-Data/Kinogawa_dataset\images\Kinogawa00039.jpg,E:/Research/Project/SplashDrone/data/src/utils\../../Deep-Learning-Data/Kinogawa_dataset\annotations_tif\SCLS_Kinogawa00039.tif
E:/Research/Project/SplashDrone/data/src/utils\../../Deep-Learning-Data/Kinogawa_dataset\images\Kinogawa00067.jpg,E:/Research/Project/SplashDrone/data/src/utils\../../Deep-Learning-Data/Kinogawa_dataset\annotations_tif\SCLS_Kinogawa00067.tif
E:/Research/Project/SplashDrone/data/src/utils\../../Deep-Learning-Data/Kinogawa_dataset\images\Kinogawa00081.jpg,E:/Research/Project/SplashDrone/data/src/utils\../../Deep-Learning-Data/Kinogawa_dataset\annotations_tif\SCLS_Kinogawa00081.tif
E:/Research/Project/SplashDrone/data/src/utils\../../Deep-Learning-Data/Kinogawa_dataset\images\Kinogawa00108.jpg,E:/Research/Project/SplashDrone/data/src/utils\../../Deep-Learning-Data/Kinogawa_dataset\annotations_tif\SCLS_Kinogawa00108.tif
E:/Research/Project/SplashDrone/data/src/utils\../../Deep-Learning-Data/Kinogawa_dataset\images\Kinogawa00136.jpg,E:/Research/Project/SplashDrone/data/src/utils\../../Deep-Learning-Data/Kinogawa_dataset\annotations_tif\SCLS_Kinogawa00136.tif
E:/Research/Project/SplashDrone/data/src/utils\../../Deep-Learning-Data/Kinogawa_dataset\images\Kinogawa00162.jpg,E:/Research/Project/SplashDrone/data/src/utils\../../Deep-Learning-Data/Kinogawa_dataset\annotations_tif\SCLS_Kinogawa00162.tif
E:/Research/Project/SplashDrone/data/src/utils\../../Deep-Learning-Data/Kinogawa_dataset\images\Kinogawa00175.jpg,E:/Research/Project/SplashDrone/data/src/utils\../../Deep-Learning-Data/Kinogawa_dataset\annotations_tif\SCLS_Kinogawa00175.tif
E:/Research/Project/SplashDrone/data/src/utils\../../Deep-Learning-Data/Kinogawa_dataset\images\Kinogawa00177.jpg,E:/Research/Project/SplashDrone/data/src/utils\../../Deep-Learning-Data/Kinogawa_dataset\annotations_tif\SCLS_Kinogawa00177.tif
E:/Research/Project/SplashDrone/data/src/utils\../../Deep-Learning-Data/Kinogawa_dataset\images\Kinogawa00189.jpg,E:/Research/Project/SplashDrone/data/src/utils\../../Deep-Learning-Data/Kinogawa_dataset\annotations_tif\SCLS_Kinogawa00189.tif
E:/Research/Project/SplashDrone/data/src/utils\../../Deep-Learning-Data/Kinogawa_dataset\images\Kinogawa00202.jpg,E:/Research/Project/SplashDrone/data/src/utils\../../Deep-Learning-Data/Kinogawa_dataset\annotations_tif\SCLS_Kinogawa00202.tif
E:/Research/Project/SplashDrone/data/src/utils\../../Deep-Learning-Data/Kinogawa_dataset\images\Kinogawa00216.jpg,E:/Research/Project/SplashDrone/data/src/utils\../../Deep-Learning-Data/Kinogawa_dataset\annotations_tif\SCLS_Kinogawa00216.tif
E:/Research/Project/SplashDrone/data/src/utils\../../Deep-Learning-Data/Kinogawa_dataset\images\Kinogawa00242.jpg,E:/Research/Project/SplashDrone/data/src/utils\../../Deep-Learning-Data/Kinogawa_dataset\annotations_tif\SCLS_Kinogawa00242.tif
E:/Research/Project/SplashDrone/data/src/utils\../../Deep-Learning-Data/Kinogawa_dataset\images\Kinogawa00254.jpg,E:/Research/Project/SplashDrone/data/src/utils\../../Deep-Learning-Data/Kinogawa_dataset\annotations_tif\SCLS_Kinogawa00254.tif
E:/Research/Project/SplashDrone/data/src/utils\../../Deep-Learning-Data/Kinogawa_dataset\images\Kinogawa00256.jpg,E:/Research/Project/SplashDrone/data/src/utils\../../Deep-Learning-Data/Kinogawa_dataset\annotations_tif\SCLS_Kinogawa00256.tif
E:/Research/Project/SplashDrone/data/src/utils\../../Deep-Learning-Data/Kinogawa_dataset\images\Kinogawa00269.jpg,E:/Research/Project/SplashDrone/data/src/utils\../../Deep-Learning-Data/Kinogawa_dataset\annotations_tif\SCLS_Kinogawa00269.tif
E:/Research/Project/SplashDrone/data/src/utils\../../Deep-Learning-Data/Kinogawa_dataset\images\Kinogawa00284.jpg,E:/Research/Project/SplashDrone/data/src/utils\../../Deep-Learning-Data/Kinogawa_dataset\annotations_tif\SCLS_Kinogawa00284.tif
E:/Research/Project/SplashDrone/data/src/utils\../../Deep-Learning-Data/Kinogawa_dataset\images\Kinogawa00311.jpg,E:/Research/Project/SplashDrone/data/src/utils\../../Deep-Learning-Data/Kinogawa_dataset\annotations_tif\SCLS_Kinogawa00311.tif
E:/Research/Project/SplashDrone/data/src/utils\../../Deep-Learning-Data/Kinogawa_dataset\images\Kinogawa00325.jpg,E:/Research/Project/SplashDrone/data/src/utils\../../Deep-Learning-Data/Kinogawa_dataset\annotations_tif\SCLS_Kinogawa00325.tif
E:/Research/Project/SplashDrone/data/src/utils\../../Deep-Learning-Data/Kinogawa_dataset\images\Kinogawa00339.jpg,E:/Research/Project/SplashDrone/data/src/utils\../../Deep-Learning-Data/Kinogawa_dataset\annotations_tif\SCLS_Kinogawa00339.tif
E:/Research/Project/SplashDrone/data/src/utils\../../Deep-Learning-Data/Kinogawa_dataset\images\Kinogawa00354.jpg,E:/Research/Project/SplashDrone/data/src/utils\../../Deep-Learning-Data/Kinogawa_dataset\annotations_tif\SCLS_Kinogawa00354.tif
E:/Research/Project/SplashDrone/data/src/utils\../../Deep-Learning-Data/Kinogawa_dataset\images\Kinogawa01041.jpg,E:/Research/Project/SplashDrone/data/src/utils\../../Deep-Learning-Data/Kinogawa_dataset\annotations_tif\SCLS_Kinogawa01041.tif
E:/Research/Project/SplashDrone/data/src/utils\../../Deep-Learning-Data/Kinogawa_dataset\images\Kinogawa01088.jpg,E:/Research/Project/SplashDrone/data/src/utils\../../Deep-Learning-Data/Kinogawa_dataset\annotations_tif\SCLS_Kinogawa01088.tif
E:/Research/Project/SplashDrone/data/src/utils\../../Deep-Learning-Data/Kinogawa_dataset\images\Kinogawa01090.jpg,E:/Research/Project/SplashDrone/data/src/utils\../../Deep-Learning-Data/Kinogawa_dataset\annotations_tif\SCLS_Kinogawa01090.tif
E:/Research/Project/SplashDrone/data/src/utils\../../Deep-Learning-Data/Kinogawa_dataset\images\Kinogawa01092.jpg,E:/Research/Project/SplashDrone/data/src/utils\../../Deep-Learning-Data/Kinogawa_dataset\annotations_tif\SCLS_Kinogawa01092.tif
E:/Research/Project/SplashDrone/data/src/utils\../../Deep-Learning-Data/Kinogawa_dataset\images\Kinogawa01103.jpg,E:/Research/Project/SplashDrone/data/src/utils\../../Deep-Learning-Data/Kinogawa_dataset\annotations_tif\SCLS_Kinogawa01103.tif
E:/Research/Project/SplashDrone/data/src/utils\../../Deep-Learning-Data/Kinogawa_dataset\images\Kinogawa01105.jpg,E:/Research/Project/SplashDrone/data/src/utils\../../Deep-Learning-Data/Kinogawa_dataset\annotations_tif\SCLS_Kinogawa01105.tif
E:/Research/Project/SplashDrone/data/src/utils\../../Deep-Learning-Data/Kinogawa_dataset\images\Kinogawa01107.jpg,E:/Research/Project/SplashDrone/data/src/utils\../../Deep-Learning-Data/Kinogawa_dataset\annotations_tif\SCLS_Kinogawa01107.tif
E:/Research/Project/SplashDrone/data/src/utils\../../Deep-Learning-Data/Kinogawa_dataset\images\Kinogawa01109.jpg,E:/Research/Project/SplashDrone/data/src/utils\../../Deep-Learning-Data/Kinogawa_dataset\annotations_tif\SCLS_Kinogawa01109.tif
E:/Research/Project/SplashDrone/data/src/utils\../../Deep-Learning-Data/Kinogawa_dataset\images\Kinogawa01119.jpg,E:/Research/Project/SplashDrone/data/src/utils\../../Deep-Learning-Data/Kinogawa_dataset\annotations_tif\SCLS_Kinogawa01119.tif
E:/Research/Project/SplashDrone/data/src/utils\../../Deep-Learning-Data/Kinogawa_dataset\images\Kinogawa01121.jpg,E:/Research/Project/SplashDrone/data/src/utils\../../Deep-Learning-Data/Kinogawa_dataset\annotations_tif\SCLS_Kinogawa01121.tif
E:/Research/Project/SplashDrone/data/src/utils\../../Deep-Learning-Data/Kinogawa_dataset\images\Kinogawa01123.jpg,E:/Research/Project/SplashDrone/data/src/utils\../../Deep-Learning-Data/Kinogawa_dataset\annotations_tif\SCLS_Kinogawa01123.tif
E:/Research/Project/SplashDrone/data/src/utils\../../Deep-Learning-Data/Kinogawa_dataset\images\Kinogawa01135.jpg,E:/Research/Project/SplashDrone/data/src/utils\../../Deep-Learning-Data/Kinogawa_dataset\annotations_tif\SCLS_Kinogawa01135.tif
E:/Research/Project/SplashDrone/data/src/utils\../../Deep-Learning-Data/Kinogawa_dataset\images\Kinogawa01139.jpg,E:/Research/Project/SplashDrone/data/src/utils\../../Deep-Learning-Data/Kinogawa_dataset\annotations_tif\SCLS_Kinogawa01139.tif
E:/Research/Project/SplashDrone/data/src/utils\../../Deep-Learning-Data/Kinogawa_dataset\images\Kinogawa01150.jpg,E:/Research/Project/SplashDrone/data/src/utils\../../Deep-Learning-Data/Kinogawa_dataset\annotations_tif\SCLS_Kinogawa01150.tif
E:/Research/Project/SplashDrone/data/src/utils\../../Deep-Learning-Data/Kinogawa_dataset\images\Kinogawa01153.jpg,E:/Research/Project/SplashDrone/data/src/utils\../../Deep-Learning-Data/Kinogawa_dataset\annotations_tif\SCLS_Kinogawa01153.tif
E:/Research/Project/SplashDrone/data/src/utils\../../Deep-Learning-Data/Kinogawa_dataset\images\Kinogawa01166.jpg,E:/Research/Project/SplashDrone/data/src/utils\../../Deep-Learning-Data/Kinogawa_dataset\annotations_tif\SCLS_Kinogawa01166.tif
E:/Research/Project/SplashDrone/data/src/utils\../../Deep-Learning-Data/Kinogawa_dataset\images\Kinogawa01181.jpg,E:/Research/Project/SplashDrone/data/src/utils\../../Deep-Learning-Data/Kinogawa_dataset\annotations_tif\SCLS_Kinogawa01181.tif
E:/Research/Project/SplashDrone/data/src/utils\../../Deep-Learning-Data/Kinogawa_dataset\images\Kinogawa01186.jpg,E:/Research/Project/SplashDrone/data/src/utils\../../Deep-Learning-Data/Kinogawa_dataset\annotations_tif\SCLS_Kinogawa01186.tif
E:/Research/Project/SplashDrone/data/src/utils\../../Deep-Learning-Data/Kinogawa_dataset\images\Kinogawa01210.jpg,E:/Research/Project/SplashDrone/data/src/utils\../../Deep-Learning-Data/Kinogawa_dataset\annotations_tif\SCLS_Kinogawa01210.tif
E:/Research/Project/SplashDrone/data/src/utils\../../Deep-Learning-Data/Kinogawa_dataset\images\Kinogawa01212.jpg,E:/Research/Project/SplashDrone/data/src/utils\../../Deep-Learning-Data/Kinogawa_dataset\annotations_tif\SCLS_Kinogawa01212.tif
E:/Research/Project/SplashDrone/data/src/utils\../../Deep-Learning-Data/Kinogawa_dataset\images\Kinogawa01214.jpg,E:/Research/Project/SplashDrone/data/src/utils\../../Deep-Learning-Data/Kinogawa_dataset\annotations_tif\SCLS_Kinogawa01214.tif
E:/Research/Project/SplashDrone/data/src/utils\../../Deep-Learning-Data/Kinogawa_dataset\images\Kinogawa01228.jpg,E:/Research/Project/SplashDrone/data/src/utils\../../Deep-Learning-Data/Kinogawa_dataset\annotations_tif\SCLS_Kinogawa01228.tif
E:/Research/Project/SplashDrone/data/src/utils\../../Deep-Learning-Data/Kinogawa_dataset\images\Kinogawa01260.jpg,E:/Research/Project/SplashDrone/data/src/utils\../../Deep-Learning-Data/Kinogawa_dataset\annotations_tif\SCLS_Kinogawa01260.tif
E:/Research/Project/SplashDrone/data/src/utils\../../Deep-Learning-Data/Kinogawa_dataset\images\Kinogawa01276.jpg,E:/Research/Project/SplashDrone/data/src/utils\../../Deep-Learning-Data/Kinogawa_dataset\annotations_tif\SCLS_Kinogawa01276.tif
E:/Research/Project/SplashDrone/data/src/utils\../../Deep-Learning-Data/Kinogawa_dataset\images\Kinogawa01279.jpg,E:/Research/Project/SplashDrone/data/src/utils\../../Deep-Learning-Data/Kinogawa_dataset\annotations_tif\SCLS_Kinogawa01279.tif
E:/Research/Project/SplashDrone/data/src/utils\../../Deep-Learning-Data/Kinogawa_dataset\images\Kinogawa01292.jpg,E:/Research/Project/SplashDrone/data/src/utils\../../Deep-Learning-Data/Kinogawa_dataset\annotations_tif\SCLS_Kinogawa01292.tif
E:/Research/Project/SplashDrone/data/src/utils\../../Deep-Learning-Data/Kinogawa_dataset\images\Kinogawa01294.jpg,E:/Research/Project/SplashDrone/data/src/utils\../../Deep-Learning-Data/Kinogawa_dataset\annotations_tif\SCLS_Kinogawa01294.tif
E:/Research/Project/SplashDrone/data/src/utils\../../Deep-Learning-Data/Kinogawa_dataset\images\Kinogawa01322.jpg,E:/Research/Project/SplashDrone/data/src/utils\../../Deep-Learning-Data/Kinogawa_dataset\annotations_tif\SCLS_Kinogawa01322.tif
E:/Research/Project/SplashDrone/data/src/utils\../../Deep-Learning-Data/Kinogawa_dataset\images\Kinogawa01324.jpg,E:/Research/Project/SplashDrone/data/src/utils\../../Deep-Learning-Data/Kinogawa_dataset\annotations_tif\SCLS_Kinogawa01324.tif
E:/Research/Project/SplashDrone/data/src/utils\../../Deep-Learning-Data/Kinogawa_dataset\images\Kinogawa01326.jpg,E:/Research/Project/SplashDrone/data/src/utils\../../Deep-Learning-Data/Kinogawa_dataset\annotations_tif\SCLS_Kinogawa01326.tif
E:/Research/Project/SplashDrone/data/src/utils\../../Deep-Learning-Data/Kinogawa_dataset\images\Kinogawa01341.jpg,E:/Research/Project/SplashDrone/data/src/utils\../../Deep-Learning-Data/Kinogawa_dataset\annotations_tif\SCLS_Kinogawa01341.tif
E:/Research/Project/SplashDrone/data/src/utils\../../Deep-Learning-Data/Kinogawa_dataset\images\Kinogawa01359.jpg,E:/Research/Project/SplashDrone/data/src/utils\../../Deep-Learning-Data/Kinogawa_dataset\annotations_tif\SCLS_Kinogawa01359.tif
E:/Research/Project/SplashDrone/data/src/utils\../../Deep-Learning-Data/Kurobe_dataset\images\Kurobe00203.jpg,E:/Research/Project/SplashDrone/data/src/utils\../../Deep-Learning-Data/Kurobe_dataset\annotations_tif\SCLS_Kurobe00203.tif
E:/Research/Project/SplashDrone/data/src/utils\../../Deep-Learning-Data/Kurobe_dataset\images\Kurobe00205.jpg,E:/Research/Project/SplashDrone/data/src/utils\../../Deep-Learning-Data/Kurobe_dataset\annotations_tif\SCLS_Kurobe00205.tif
E:/Research/Project/SplashDrone/data/src/utils\../../Deep-Learning-Data/Kurobe_dataset\images\Kurobe00207.jpg,E:/Research/Project/SplashDrone/data/src/utils\../../Deep-Learning-Data/Kurobe_dataset\annotations_tif\SCLS_Kurobe00207.tif
E:/Research/Project/SplashDrone/data/src/utils\../../Deep-Learning-Data/Kurobe_dataset\images\Kurobe00210.jpg,E:/Research/Project/SplashDrone/data/src/utils\../../Deep-Learning-Data/Kurobe_dataset\annotations_tif\SCLS_Kurobe00210.tif
E:/Research/Project/SplashDrone/data/src/utils\../../Deep-Learning-Data/Kurobe_dataset\images\Kurobe00239.jpg,E:/Research/Project/SplashDrone/data/src/utils\../../Deep-Learning-Data/Kurobe_dataset\annotations_tif\SCLS_Kurobe00239.tif
E:/Research/Project/SplashDrone/data/src/utils\../../Deep-Learning-Data/Kurobe_dataset\images\Kurobe00241.jpg,E:/Research/Project/SplashDrone/data/src/utils\../../Deep-Learning-Data/Kurobe_dataset\annotations_tif\SCLS_Kurobe00241.tif
E:/Research/Project/SplashDrone/data/src/utils\../../Deep-Learning-Data/Kurobe_dataset\images\Kurobe00243.jpg,E:/Research/Project/SplashDrone/data/src/utils\../../Deep-Learning-Data/Kurobe_dataset\annotations_tif\SCLS_Kurobe00243.tif
E:/Research/Project/SplashDrone/data/src/utils\../../Deep-Learning-Data/Kurobe_dataset\images\Kurobe00309.jpg,E:/Research/Project/SplashDrone/data/src/utils\../../Deep-Learning-Data/Kurobe_dataset\annotations_tif\SCLS_Kurobe00309.tif
E:/Research/Project/SplashDrone/data/src/utils\../../Deep-Learning-Data/Kurobe_dataset\images\Kurobe00318.jpg,E:/Research/Project/SplashDrone/data/src/utils\../../Deep-Learning-Data/Kurobe_dataset\annotations_tif\SCLS_Kurobe00318.tif
E:/Research/Project/SplashDrone/data/src/utils\../../Deep-Learning-Data/Kurobe_dataset\images\Kurobe00320.jpg,E:/Research/Project/SplashDrone/data/src/utils\../../Deep-Learning-Data/Kurobe_dataset\annotations_tif\SCLS_Kurobe00320.tif
E:/Research/Project/SplashDrone/data/src/utils\../../Deep-Learning-Data/Kurobe_dataset\images\Kurobe00322.jpg,E:/Research/Project/SplashDrone/data/src/utils\../../Deep-Learning-Data/Kurobe_dataset\annotations_tif\SCLS_Kurobe00322.tif
E:/Research/Project/SplashDrone/data/src/utils\../../Deep-Learning-Data/Kurobe_dataset\images\Kurobe00325.jpg,E:/Research/Project/SplashDrone/data/src/utils\../../Deep-Learning-Data/Kurobe_dataset\annotations_tif\SCLS_Kurobe00325.tif
E:/Research/Project/SplashDrone/data/src/utils\../../Deep-Learning-Data/Kurobe_dataset\images\Kurobe00327.jpg,E:/Research/Project/SplashDrone/data/src/utils\../../Deep-Learning-Data/Kurobe_dataset\annotations_tif\SCLS_Kurobe00327.tif
E:/Research/Project/SplashDrone/data/src/utils\../../Deep-Learning-Data/Kurobe_dataset\images\Kurobe00329.jpg,E:/Research/Project/SplashDrone/data/src/utils\../../Deep-Learning-Data/Kurobe_dataset\annotations_tif\SCLS_Kurobe00329.tif
E:/Research/Project/SplashDrone/data/src/utils\../../Deep-Learning-Data/Kurobe_dataset\images\Kurobe00357.jpg,E:/Research/Project/SplashDrone/data/src/utils\../../Deep-Learning-Data/Kurobe_dataset\annotations_tif\SCLS_Kurobe00357.tif
E:/Research/Project/SplashDrone/data/src/utils\../../Deep-Learning-Data/Kurobe_dataset\images\Kurobe00359.jpg,E:/Research/Project/SplashDrone/data/src/utils\../../Deep-Learning-Data/Kurobe_dataset\annotations_tif\SCLS_Kurobe00359.tif
E:/Research/Project/SplashDrone/data/src/utils\../../Deep-Learning-Data/Kurobe_dataset\images\Kurobe00361.jpg,E:/Research/Project/SplashDrone/data/src/utils\../../Deep-Learning-Data/Kurobe_dataset\annotations_tif\SCLS_Kurobe00361.tif
E:/Research/Project/SplashDrone/data/src/utils\../../Deep-Learning-Data/Kurobe_dataset\images\Kurobe00363.jpg,E:/Research/Project/SplashDrone/data/src/utils\../../Deep-Learning-Data/Kurobe_dataset\annotations_tif\SCLS_Kurobe00363.tif
E:/Research/Project/SplashDrone/data/src/utils\../../Deep-Learning-Data/Kurobe_dataset\images\Kurobe00364.jpg,E:/Research/Project/SplashDrone/data/src/utils\../../Deep-Learning-Data/Kurobe_dataset\annotations_tif\SCLS_Kurobe00364.tif
E:/Research/Project/SplashDrone/data/src/utils\../../Deep-Learning-Data/Kurobe_dataset\images\Kurobe00366.jpg,E:/Research/Project/SplashDrone/data/src/utils\../../Deep-Learning-Data/Kurobe_dataset\annotations_tif\SCLS_Kurobe00366.tif
E:/Research/Project/SplashDrone/data/src/utils\../../Deep-Learning-Data/Kurobe_dataset\images\Kurobe00368.jpg,E:/Research/Project/SplashDrone/data/src/utils\../../Deep-Learning-Data/Kurobe_dataset\annotations_tif\SCLS_Kurobe00368.tif
E:/Research/Project/SplashDrone/data/src/utils\../../Deep-Learning-Data/Kurobe_dataset\images\Kurobe00394.jpg,E:/Research/Project/SplashDrone/data/src/utils\../../Deep-Learning-Data/Kurobe_dataset\annotations_tif\SCLS_Kurobe00394.tif
E:/Research/Project/SplashDrone/data/src/utils\../../Deep-Learning-Data/Kurobe_dataset\images\Kurobe00396.jpg,E:/Research/Project/SplashDrone/data/src/utils\../../Deep-Learning-Data/Kurobe_dataset\annotations_tif\SCLS_Kurobe00396.tif
E:/Research/Project/SplashDrone/data/src/utils\../../Deep-Learning-Data/Kurobe_dataset\images\Kurobe00398.jpg,E:/Research/Project/SplashDrone/data/src/utils\../../Deep-Learning-Data/Kurobe_dataset\annotations_tif\SCLS_Kurobe00398.tif
E:/Research/Project/SplashDrone/data/src/utils\../../Deep-Learning-Data/Kurobe_dataset\images\Kurobe00400.jpg,E:/Research/Project/SplashDrone/data/src/utils\../../Deep-Learning-Data/Kurobe_dataset\annotations_tif\SCLS_Kurobe00400.tif
E:/Research/Project/SplashDrone/data/src/utils\../../Deep-Learning-Data/Kurobe_dataset\images\Kurobe00402.jpg,E:/Research/Project/SplashDrone/data/src/utils\../../Deep-Learning-Data/Kurobe_dataset\annotations_tif\SCLS_Kurobe00402.tif
E:/Research/Project/SplashDrone/data/src/utils\../../Deep-Learning-Data/Kurobe_dataset\images\Kurobe00404.jpg,E:/Research/Project/SplashDrone/data/src/utils\../../Deep-Learning-Data/Kurobe_dataset\annotations_tif\SCLS_Kurobe00404.tif
E:/Research/Project/SplashDrone/data/src/utils\../../Deep-Learning-Data/Kurobe_dataset\images\Kurobe00406.jpg,E:/Research/Project/SplashDrone/data/src/utils\../../Deep-Learning-Data/Kurobe_dataset\annotations_tif\SCLS_Kurobe00406.tif
E:/Research/Project/SplashDrone/data/src/utils\../../Deep-Learning-Data/Kurobe_dataset\images\Kurobe00435.jpg,E:/Research/Project/SplashDrone/data/src/utils\../../Deep-Learning-Data/Kurobe_dataset\annotations_tif\SCLS_Kurobe00435.tif
E:/Research/Project/SplashDrone/data/src/utils\../../Deep-Learning-Data/Kurobe_dataset\images\Kurobe00437.jpg,E:/Research/Project/SplashDrone/data/src/utils\../../Deep-Learning-Data/Kurobe_dataset\annotations_tif\SCLS_Kurobe00437.tif
E:/Research/Project/SplashDrone/data/src/utils\../../Deep-Learning-Data/Kurobe_dataset\images\Kurobe00439.jpg,E:/Research/Project/SplashDrone/data/src/utils\../../Deep-Learning-Data/Kurobe_dataset\annotations_tif\SCLS_Kurobe00439.tif
E:/Research/Project/SplashDrone/data/src/utils\../../Deep-Learning-Data/Kurobe_dataset\images\Kurobe00441.jpg,E:/Research/Project/SplashDrone/data/src/utils\../../Deep-Learning-Data/Kurobe_dataset\annotations_tif\SCLS_Kurobe00441.tif
E:/Research/Project/SplashDrone/data/src/utils\../../Deep-Learning-Data/Kurobe_dataset\images\Kurobe00475.jpg,E:/Research/Project/SplashDrone/data/src/utils\../../Deep-Learning-Data/Kurobe_dataset\annotations_tif\SCLS_Kurobe00475.tif
E:/Research/Project/SplashDrone/data/src/utils\../../Deep-Learning-Data/Kurobe_dataset\images\Kurobe00477.jpg,E:/Research/Project/SplashDrone/data/src/utils\../../Deep-Learning-Data/Kurobe_dataset\annotations_tif\SCLS_Kurobe00477.tif
E:/Research/Project/SplashDrone/data/src/utils\../../Deep-Learning-Data/Kurobe_dataset\images\Kurobe00479.jpg,E:/Research/Project/SplashDrone/data/src/utils\../../Deep-Learning-Data/Kurobe_dataset\annotations_tif\SCLS_Kurobe00479.tif
E:/Research/Project/SplashDrone/data/src/utils\../../Deep-Learning-Data/Kurobe_dataset\images\Kurobe00481.jpg,E:/Research/Project/SplashDrone/data/src/utils\../../Deep-Learning-Data/Kurobe_dataset\annotations_tif\SCLS_Kurobe00481.tif
E:/Research/Project/SplashDrone/data/src/utils\../../Deep-Learning-Data/Kurobe_dataset\images\Kurobe00517.jpg,E:/Research/Project/SplashDrone/data/src/utils\../../Deep-Learning-Data/Kurobe_dataset\annotations_tif\SCLS_Kurobe00517.tif
E:/Research/Project/SplashDrone/data/src/utils\../../Deep-Learning-Data/Kurobe_dataset\images\Kurobe00555.jpg,E:/Research/Project/SplashDrone/data/src/utils\../../Deep-Learning-Data/Kurobe_dataset\annotations_tif\SCLS_Kurobe00555.tif
E:/Research/Project/SplashDrone/data/src/utils\../../Deep-Learning-Data/Pacuare_dataset\images\Pacuare00879.jpg,E:/Research/Project/SplashDrone/data/src/utils\../../Deep-Learning-Data/Pacuare_dataset\annotations_tif\SCLS_Pacuare00879.tif
E:/Research/Project/SplashDrone/data/src/utils\../../Deep-Learning-Data/Pacuare_dataset\images\Pacuare00881.jpg,E:/Research/Project/SplashDrone/data/src/utils\../../Deep-Learning-Data/Pacuare_dataset\annotations_tif\SCLS_Pacuare00881.tif
E:/Research/Project/SplashDrone/data/src/utils\../../Deep-Learning-Data/Pacuare_dataset\images\Pacuare00883.jpg,E:/Research/Project/SplashDrone/data/src/utils\../../Deep-Learning-Data/Pacuare_dataset\annotations_tif\SCLS_Pacuare00883.tif
E:/Research/Project/SplashDrone/data/src/utils\../../Deep-Learning-Data/Pacuare_dataset\images\Pacuare00885.jpg,E:/Research/Project/SplashDrone/data/src/utils\../../Deep-Learning-Data/Pacuare_dataset\annotations_tif\SCLS_Pacuare00885.tif
E:/Research/Project/SplashDrone/data/src/utils\../../Deep-Learning-Data/Pacuare_dataset\images\Pacuare00887.jpg,E:/Research/Project/SplashDrone/data/src/utils\../../Deep-Learning-Data/Pacuare_dataset\annotations_tif\SCLS_Pacuare00887.tif
E:/Research/Project/SplashDrone/data/src/utils\../../Deep-Learning-Data/Pacuare_dataset\images\Pacuare00889.jpg,E:/Research/Project/SplashDrone/data/src/utils\../../Deep-Learning-Data/Pacuare_dataset\annotations_tif\SCLS_Pacuare00889.tif
E:/Research/Project/SplashDrone/data/src/utils\../../Deep-Learning-Data/Pacuare_dataset\images\Pacuare00891.jpg,E:/Research/Project/SplashDrone/data/src/utils\../../Deep-Learning-Data/Pacuare_dataset\annotations_tif\SCLS_Pacuare00891.tif
E:/Research/Project/SplashDrone/data/src/utils\../../Deep-Learning-Data/Pacuare_dataset\images\Pacuare00893.jpg,E:/Research/Project/SplashDrone/data/src/utils\../../Deep-Learning-Data/Pacuare_dataset\annotations_tif\SCLS_Pacuare00893.tif
E:/Research/Project/SplashDrone/data/src/utils\../../Deep-Learning-Data/Pacuare_dataset\images\Pacuare00895.jpg,E:/Research/Project/SplashDrone/data/src/utils\../../Deep-Learning-Data/Pacuare_dataset\annotations_tif\SCLS_Pacuare00895.tif
E:/Research/Project/SplashDrone/data/src/utils\../../Deep-Learning-Data/Pacuare_dataset\images\Pacuare00897.jpg,E:/Research/Project/SplashDrone/data/src/utils\../../Deep-Learning-Data/Pacuare_dataset\annotations_tif\SCLS_Pacuare00897.tif
E:/Research/Project/SplashDrone/data/src/utils\../../Deep-Learning-Data/Pacuare_dataset\images\Pacuare00899.jpg,E:/Research/Project/SplashDrone/data/src/utils\../../Deep-Learning-Data/Pacuare_dataset\annotations_tif\SCLS_Pacuare00899.tif
E:/Research/Project/SplashDrone/data/src/utils\../../Deep-Learning-Data/Pacuare_dataset\images\Pacuare00901.jpg,E:/Research/Project/SplashDrone/data/src/utils\../../Deep-Learning-Data/Pacuare_dataset\annotations_tif\SCLS_Pacuare00901.tif
E:/Research/Project/SplashDrone/data/src/utils\../../Deep-Learning-Data/Pacuare_dataset\images\Pacuare00905.jpg,E:/Research/Project/SplashDrone/data/src/utils\../../Deep-Learning-Data/Pacuare_dataset\annotations_tif\SCLS_Pacuare00905.tif
E:/Research/Project/SplashDrone/data/src/utils\../../Deep-Learning-Data/Pacuare_dataset\images\Pacuare00907.jpg,E:/Research/Project/SplashDrone/data/src/utils\../../Deep-Learning-Data/Pacuare_dataset\annotations_tif\SCLS_Pacuare00907.tif
E:/Research/Project/SplashDrone/data/src/utils\../../Deep-Learning-Data/Pacuare_dataset\images\Pacuare00909.jpg,E:/Research/Project/SplashDrone/data/src/utils\../../Deep-Learning-Data/Pacuare_dataset\annotations_tif\SCLS_Pacuare00909.tif
E:/Research/Project/SplashDrone/data/src/utils\../../Deep-Learning-Data/Pacuare_dataset\images\Pacuare00911.jpg,E:/Research/Project/SplashDrone/data/src/utils\../../Deep-Learning-Data/Pacuare_dataset\annotations_tif\SCLS_Pacuare00911.tif
E:/Research/Project/SplashDrone/data/src/utils\../../Deep-Learning-Data/Pacuare_dataset\images\Pacuare00915.jpg,E:/Research/Project/SplashDrone/data/src/utils\../../Deep-Learning-Data/Pacuare_dataset\annotations_tif\SCLS_Pacuare00915.tif
E:/Research/Project/SplashDrone/data/src/utils\../../Deep-Learning-Data/Pacuare_dataset\images\Pacuare00916.jpg,E:/Research/Project/SplashDrone/data/src/utils\../../Deep-Learning-Data/Pacuare_dataset\annotations_tif\SCLS_Pacuare00916.tif
E:/Research/Project/SplashDrone/data/src/utils\../../Deep-Learning-Data/Pacuare_dataset\images\Pacuare00917.jpg,E:/Research/Project/SplashDrone/data/src/utils\../../Deep-Learning-Data/Pacuare_dataset\annotations_tif\SCLS_Pacuare00917.tif
E:/Research/Project/SplashDrone/data/src/utils\../../Deep-Learning-Data/Pacuare_dataset\images\Pacuare00918.jpg,E:/Research/Project/SplashDrone/data/src/utils\../../Deep-Learning-Data/Pacuare_dataset\annotations_tif\SCLS_Pacuare00918.tif
E:/Research/Project/SplashDrone/data/src/utils\../../Deep-Learning-Data/Pacuare_dataset\images\Pacuare00919.jpg,E:/Research/Project/SplashDrone/data/src/utils\../../Deep-Learning-Data/Pacuare_dataset\annotations_tif\SCLS_Pacuare00919.tif
E:/Research/Project/SplashDrone/data/src/utils\../../Deep-Learning-Data/Pacuare_dataset\images\Pacuare00921.jpg,E:/Research/Project/SplashDrone/data/src/utils\../../Deep-Learning-Data/Pacuare_dataset\annotations_tif\SCLS_Pacuare00921.tif
E:/Research/Project/SplashDrone/data/src/utils\../../Deep-Learning-Data/Pacuare_dataset\images\Pacuare00923.jpg,E:/Research/Project/SplashDrone/data/src/utils\../../Deep-Learning-Data/Pacuare_dataset\annotations_tif\SCLS_Pacuare00923.tif
E:/Research/Project/SplashDrone/data/src/utils\../../Deep-Learning-Data/Pacuare_dataset\images\Pacuare00925.jpg,E:/Research/Project/SplashDrone/data/src/utils\../../Deep-Learning-Data/Pacuare_dataset\annotations_tif\SCLS_Pacuare00925.tif
E:/Research/Project/SplashDrone/data/src/utils\../../Deep-Learning-Data/Pacuare_dataset\images\Pacuare00927.jpg,E:/Research/Project/SplashDrone/data/src/utils\../../Deep-Learning-Data/Pacuare_dataset\annotations_tif\SCLS_Pacuare00927.tif
E:/Research/Project/SplashDrone/data/src/utils\../../Deep-Learning-Data/Quelle_dataset\images\Ouelle00536.jpg,E:/Research/Project/SplashDrone/data/src/utils\../../Deep-Learning-Data/Quelle_dataset\annotations_tif\SCLS_Ouelle00536.tif
E:/Research/Project/SplashDrone/data/src/utils\../../Deep-Learning-Data/Quelle_dataset\images\Ouelle00588.jpg,E:/Research/Project/SplashDrone/data/src/utils\../../Deep-Learning-Data/Quelle_dataset\annotations_tif\SCLS_Ouelle00588.tif
E:/Research/Project/SplashDrone/data/src/utils\../../Deep-Learning-Data/Quelle_dataset\images\Ouelle00600.jpg,E:/Research/Project/SplashDrone/data/src/utils\../../Deep-Learning-Data/Quelle_dataset\annotations_tif\SCLS_Ouelle00600.tif
E:/Research/Project/SplashDrone/data/src/utils\../../Deep-Learning-Data/Quelle_dataset\images\Ouelle00733.jpg,E:/Research/Project/SplashDrone/data/src/utils\../../Deep-Learning-Data/Quelle_dataset\annotations_tif\SCLS_Ouelle00733.tif
E:/Research/Project/SplashDrone/data/src/utils\../../Deep-Learning-Data/Quelle_dataset\images\Ouelle00734.jpg,E:/Research/Project/SplashDrone/data/src/utils\../../Deep-Learning-Data/Quelle_dataset\annotations_tif\SCLS_Ouelle00734.tif
E:/Research/Project/SplashDrone/data/src/utils\../../Deep-Learning-Data/Quelle_dataset\images\Ouelle00763.jpg,E:/Research/Project/SplashDrone/data/src/utils\../../Deep-Learning-Data/Quelle_dataset\annotations_tif\SCLS_Ouelle00763.tif
E:/Research/Project/SplashDrone/data/src/utils\../../Deep-Learning-Data/Quelle_dataset\images\Ouelle00768.jpg,E:/Research/Project/SplashDrone/data/src/utils\../../Deep-Learning-Data/Quelle_dataset\annotations_tif\SCLS_Ouelle00768.tif
E:/Research/Project/SplashDrone/data/src/utils\../../Deep-Learning-Data/Quelle_dataset\images\Ouelle00777.jpg,E:/Research/Project/SplashDrone/data/src/utils\../../Deep-Learning-Data/Quelle_dataset\annotations_tif\SCLS_Ouelle00777.tif
E:/Research/Project/SplashDrone/data/src/utils\../../Deep-Learning-Data/Quelle_dataset\images\Ouelle00782.jpg,E:/Research/Project/SplashDrone/data/src/utils\../../Deep-Learning-Data/Quelle_dataset\annotations_tif\SCLS_Ouelle00782.tif
E:/Research/Project/SplashDrone/data/src/utils\../../Deep-Learning-Data/Quelle_dataset\images\Ouelle00788.jpg,E:/Research/Project/SplashDrone/data/src/utils\../../Deep-Learning-Data/Quelle_dataset\annotations_tif\SCLS_Ouelle00788.tif
E:/Research/Project/SplashDrone/data/src/utils\../../Deep-Learning-Data/Quelle_dataset\images\Ouelle00789.jpg,E:/Research/Project/SplashDrone/data/src/utils\../../Deep-Learning-Data/Quelle_dataset\annotations_tif\SCLS_Ouelle00789.tif
E:/Research/Project/SplashDrone/data/src/utils\../../Deep-Learning-Data/Quelle_dataset\images\Ouelle00869.jpg,E:/Research/Project/SplashDrone/data/src/utils\../../Deep-Learning-Data/Quelle_dataset\annotations_tif\SCLS_Ouelle00869.tif
E:/Research/Project/SplashDrone/data/src/utils\../../Deep-Learning-Data/Quelle_dataset\images\Ouelle00896.jpg,E:/Research/Project/SplashDrone/data/src/utils\../../Deep-Learning-Data/Quelle_dataset\annotations_tif\SCLS_Ouelle00896.tif
E:/Research/Project/SplashDrone/data/src/utils\../../Deep-Learning-Data/Quelle_dataset\images\Ouelle00908.jpg,E:/Research/Project/SplashDrone/data/src/utils\../../Deep-Learning-Data/Quelle_dataset\annotations_tif\SCLS_Ouelle00908.tif
E:/Research/Project/SplashDrone/data/src/utils\../../Deep-Learning-Data/Quelle_dataset\images\Ouelle00921.jpg,E:/Research/Project/SplashDrone/data/src/utils\../../Deep-Learning-Data/Quelle_dataset\annotations_tif\SCLS_Ouelle00921.tif
E:/Research/Project/SplashDrone/data/src/utils\../../Deep-Learning-Data/Quelle_dataset\images\Ouelle00942.jpg,E:/Research/Project/SplashDrone/data/src/utils\../../Deep-Learning-Data/Quelle_dataset\annotations_tif\SCLS_Ouelle00942.tif
E:/Research/Project/SplashDrone/data/src/utils\../../Deep-Learning-Data/Quelle_dataset\images\Ouelle00956.jpg,E:/Research/Project/SplashDrone/data/src/utils\../../Deep-Learning-Data/Quelle_dataset\annotations_tif\SCLS_Ouelle00956.tif
E:/Research/Project/SplashDrone/data/src/utils\../../Deep-Learning-Data/Quelle_dataset\images\Ouelle00971.jpg,E:/Research/Project/SplashDrone/data/src/utils\../../Deep-Learning-Data/Quelle_dataset\annotations_tif\SCLS_Ouelle00971.tif
E:/Research/Project/SplashDrone/data/src/utils\../../Deep-Learning-Data/Quelle_dataset\images\Ouelle00974.jpg,E:/Research/Project/SplashDrone/data/src/utils\../../Deep-Learning-Data/Quelle_dataset\annotations_tif\SCLS_Ouelle00974.tif
E:/Research/Project/SplashDrone/data/src/utils\../../Deep-Learning-Data/Quelle_dataset\images\Ouelle00977.jpg,E:/Research/Project/SplashDrone/data/src/utils\../../Deep-Learning-Data/Quelle_dataset\annotations_tif\SCLS_Ouelle00977.tif
E:/Research/Project/SplashDrone/data/src/utils\../../Deep-Learning-Data/Quelle_dataset\images\Ouelle00981.jpg,E:/Research/Project/SplashDrone/data/src/utils\../../Deep-Learning-Data/Quelle_dataset\annotations_tif\SCLS_Ouelle00981.tif
E:/Research/Project/SplashDrone/data/src/utils\../../Deep-Learning-Data/Quelle_dataset\images\Ouelle00984.jpg,E:/Research/Project/SplashDrone/data/src/utils\../../Deep-Learning-Data/Quelle_dataset\annotations_tif\SCLS_Ouelle00984.tif
E:/Research/Project/SplashDrone/data/src/utils\../../Deep-Learning-Data/Quelle_dataset\images\Ouelle00986.jpg,E:/Research/Project/SplashDrone/data/src/utils\../../Deep-Learning-Data/Quelle_dataset\annotations_tif\SCLS_Ouelle00986.tif
E:/Research/Project/SplashDrone/data/src/utils\../../Deep-Learning-Data/Quelle_dataset\images\Ouelle00990.jpg,E:/Research/Project/SplashDrone/data/src/utils\../../Deep-Learning-Data/Quelle_dataset\annotations_tif\SCLS_Ouelle00990.tif
E:/Research/Project/SplashDrone/data/src/utils\../../Deep-Learning-Data/Quelle_dataset\images\Ouelle00993.jpg,E:/Research/Project/SplashDrone/data/src/utils\../../Deep-Learning-Data/Quelle_dataset\annotations_tif\SCLS_Ouelle00993.tif
E:/Research/Project/SplashDrone/data/src/utils\../../Deep-Learning-Data/Quelle_dataset\images\Ouelle01016.jpg,E:/Research/Project/SplashDrone/data/src/utils\../../Deep-Learning-Data/Quelle_dataset\annotations_tif\SCLS_Ouelle01016.tif
E:/Research/Project/SplashDrone/data/src/utils\../../Deep-Learning-Data/Quelle_dataset\images\Ouelle01038.jpg,E:/Research/Project/SplashDrone/data/src/utils\../../Deep-Learning-Data/Quelle_dataset\annotations_tif\SCLS_Ouelle01038.tif
E:/Research/Project/SplashDrone/data/src/utils\../../Deep-Learning-Data/Quelle_dataset\images\Ouelle01040.jpg,E:/Research/Project/SplashDrone/data/src/utils\../../Deep-Learning-Data/Quelle_dataset\annotations_tif\SCLS_Ouelle01040.tif
E:/Research/Project/SplashDrone/data/src/utils\../../Deep-Learning-Data/Quelle_dataset\images\Ouelle01050.jpg,E:/Research/Project/SplashDrone/data/src/utils\../../Deep-Learning-Data/Quelle_dataset\annotations_tif\SCLS_Ouelle01050.tif
E:/Research/Project/SplashDrone/data/src/utils\../../Deep-Learning-Data/Sesia_dataset\images\Sesia00464.jpg,E:/Research/Project/SplashDrone/data/src/utils\../../Deep-Learning-Data/Sesia_dataset\annotations_tif\SCLS_Sesia00464.tif
E:/Research/Project/SplashDrone/data/src/utils\../../Deep-Learning-Data/Sesia_dataset\images\Sesia00470.jpg,E:/Research/Project/SplashDrone/data/src/utils\../../Deep-Learning-Data/Sesia_dataset\annotations_tif\SCLS_Sesia00470.tif
E:/Research/Project/SplashDrone/data/src/utils\../../Deep-Learning-Data/Sesia_dataset\images\Sesia00476.jpg,E:/Research/Project/SplashDrone/data/src/utils\../../Deep-Learning-Data/Sesia_dataset\annotations_tif\SCLS_Sesia00476.tif
E:/Research/Project/SplashDrone/data/src/utils\../../Deep-Learning-Data/Sesia_dataset\images\Sesia00485.jpg,E:/Research/Project/SplashDrone/data/src/utils\../../Deep-Learning-Data/Sesia_dataset\annotations_tif\SCLS_Sesia00485.tif
E:/Research/Project/SplashDrone/data/src/utils\../../Deep-Learning-Data/Sesia_dataset\images\Sesia00491.jpg,E:/Research/Project/SplashDrone/data/src/utils\../../Deep-Learning-Data/Sesia_dataset\annotations_tif\SCLS_Sesia00491.tif
E:/Research/Project/SplashDrone/data/src/utils\../../Deep-Learning-Data/Sesia_dataset\images\Sesia00497.jpg,E:/Research/Project/SplashDrone/data/src/utils\../../Deep-Learning-Data/Sesia_dataset\annotations_tif\SCLS_Sesia00497.tif
E:/Research/Project/SplashDrone/data/src/utils\../../Deep-Learning-Data/Sesia_dataset\images\Sesia00503.jpg,E:/Research/Project/SplashDrone/data/src/utils\../../Deep-Learning-Data/Sesia_dataset\annotations_tif\SCLS_Sesia00503.tif
E:/Research/Project/SplashDrone/data/src/utils\../../Deep-Learning-Data/Sesia_dataset\images\Sesia00509.jpg,E:/Research/Project/SplashDrone/data/src/utils\../../Deep-Learning-Data/Sesia_dataset\annotations_tif\SCLS_Sesia00509.tif
E:/Research/Project/SplashDrone/data/src/utils\../../Deep-Learning-Data/Sesia_dataset\images\Sesia00515.jpg,E:/Research/Project/SplashDrone/data/src/utils\../../Deep-Learning-Data/Sesia_dataset\annotations_tif\SCLS_Sesia00515.tif
E:/Research/Project/SplashDrone/data/src/utils\../../Deep-Learning-Data/Sesia_dataset\images\Sesia00527.jpg,E:/Research/Project/SplashDrone/data/src/utils\../../Deep-Learning-Data/Sesia_dataset\annotations_tif\SCLS_Sesia00527.tif
E:/Research/Project/SplashDrone/data/src/utils\../../Deep-Learning-Data/Sesia_dataset\images\Sesia00533.jpg,E:/Research/Project/SplashDrone/data/src/utils\../../Deep-Learning-Data/Sesia_dataset\annotations_tif\SCLS_Sesia00533.tif
E:/Research/Project/SplashDrone/data/src/utils\../../Deep-Learning-Data/Sesia_dataset\images\Sesia00539.jpg,E:/Research/Project/SplashDrone/data/src/utils\../../Deep-Learning-Data/Sesia_dataset\annotations_tif\SCLS_Sesia00539.tif
E:/Research/Project/SplashDrone/data/src/utils\../../Deep-Learning-Data/Sesia_dataset\images\Sesia00545.jpg,E:/Research/Project/SplashDrone/data/src/utils\../../Deep-Learning-Data/Sesia_dataset\annotations_tif\SCLS_Sesia00545.tif
E:/Research/Project/SplashDrone/data/src/utils\../../Deep-Learning-Data/Sesia_dataset\images\Sesia00551.jpg,E:/Research/Project/SplashDrone/data/src/utils\../../Deep-Learning-Data/Sesia_dataset\annotations_tif\SCLS_Sesia00551.tif
E:/Research/Project/SplashDrone/data/src/utils\../../Deep-Learning-Data/Sesia_dataset\images\Sesia00557.jpg,E:/Research/Project/SplashDrone/data/src/utils\../../Deep-Learning-Data/Sesia_dataset\annotations_tif\SCLS_Sesia00557.tif
E:/Research/Project/SplashDrone/data/src/utils\../../Deep-Learning-Data/Sesia_dataset\images\Sesia00560.jpg,E:/Research/Project/SplashDrone/data/src/utils\../../Deep-Learning-Data/Sesia_dataset\annotations_tif\SCLS_Sesia00560.tif
E:/Research/Project/SplashDrone/data/src/utils\../../Deep-Learning-Data/Sesia_dataset\images\Sesia00571.jpg,E:/Research/Project/SplashDrone/data/src/utils\../../Deep-Learning-Data/Sesia_dataset\annotations_tif\SCLS_Sesia00571.tif
E:/Research/Project/SplashDrone/data/src/utils\../../Deep-Learning-Data/Sesia_dataset\images\Sesia00574.jpg,E:/Research/Project/SplashDrone/data/src/utils\../../Deep-Learning-Data/Sesia_dataset\annotations_tif\SCLS_Sesia00574.tif
E:/Research/Project/SplashDrone/data/src/utils\../../Deep-Learning-Data/Sesia_dataset\images\Sesia00577.jpg,E:/Research/Project/SplashDrone/data/src/utils\../../Deep-Learning-Data/Sesia_dataset\annotations_tif\SCLS_Sesia00577.tif
E:/Research/Project/SplashDrone/data/src/utils\../../Deep-Learning-Data/Sesia_dataset\images\Sesia00580.jpg,E:/Research/Project/SplashDrone/data/src/utils\../../Deep-Learning-Data/Sesia_dataset\annotations_tif\SCLS_Sesia00580.tif
E:/Research/Project/SplashDrone/data/src/utils\../../Deep-Learning-Data/Sesia_dataset\images\Sesia00583.jpg,E:/Research/Project/SplashDrone/data/src/utils\../../Deep-Learning-Data/Sesia_dataset\annotations_tif\SCLS_Sesia00583.tif
E:/Research/Project/SplashDrone/data/src/utils\../../Deep-Learning-Data/Sesia_dataset\images\Sesia00589.jpg,E:/Research/Project/SplashDrone/data/src/utils\../../Deep-Learning-Data/Sesia_dataset\annotations_tif\SCLS_Sesia00589.tif
E:/Research/Project/SplashDrone/data/src/utils\../../Deep-Learning-Data/Sesia_dataset\images\Sesia00601.jpg,E:/Research/Project/SplashDrone/data/src/utils\../../Deep-Learning-Data/Sesia_dataset\annotations_tif\SCLS_Sesia00601.tif
E:/Research/Project/SplashDrone/data/src/utils\../../Deep-Learning-Data/Sesia_dataset\images\Sesia00607.jpg,E:/Research/Project/SplashDrone/data/src/utils\../../Deep-Learning-Data/Sesia_dataset\annotations_tif\SCLS_Sesia00607.tif
E:/Research/Project/SplashDrone/data/src/utils\../../Deep-Learning-Data/Sesia_dataset\images\Sesia00613.jpg,E:/Research/Project/SplashDrone/data/src/utils\../../Deep-Learning-Data/Sesia_dataset\annotations_tif\SCLS_Sesia00613.tif
E:/Research/Project/SplashDrone/data/src/utils\../../Deep-Learning-Data/Sesia_dataset\images\Sesia00619.jpg,E:/Research/Project/SplashDrone/data/src/utils\../../Deep-Learning-Data/Sesia_dataset\annotations_tif\SCLS_Sesia00619.tif
E:/Research/Project/SplashDrone/data/src/utils\../../Deep-Learning-Data/StMarg_dataset\images\StMarg26607.jpg,E:/Research/Project/SplashDrone/data/src/utils\../../Deep-Learning-Data/StMarg_dataset\annotations_tif\SCLS_StMarg26607.tif
E:/Research/Project/SplashDrone/data/src/utils\../../Deep-Learning-Data/StMarg_dataset\images\StMarg26626.jpg,E:/Research/Project/SplashDrone/data/src/utils\../../Deep-Learning-Data/StMarg_dataset\annotations_tif\SCLS_StMarg26626.tif
E:/Research/Project/SplashDrone/data/src/utils\../../Deep-Learning-Data/StMarg_dataset\images\StMarg26722.jpg,E:/Research/Project/SplashDrone/data/src/utils\../../Deep-Learning-Data/StMarg_dataset\annotations_tif\SCLS_StMarg26722.tif
E:/Research/Project/SplashDrone/data/src/utils\../../Deep-Learning-Data/StMarg_dataset\images\StMarg26734.jpg,E:/Research/Project/SplashDrone/data/src/utils\../../Deep-Learning-Data/StMarg_dataset\annotations_tif\SCLS_StMarg26734.tif
E:/Research/Project/SplashDrone/data/src/utils\../../Deep-Learning-Data/StMarg_dataset\images\StMarg26758.jpg,E:/Research/Project/SplashDrone/data/src/utils\../../Deep-Learning-Data/StMarg_dataset\annotations_tif\SCLS_StMarg26758.tif
E:/Research/Project/SplashDrone/data/src/utils\../../Deep-Learning-Data/StMarg_dataset\images\StMarg26776.jpg,E:/Research/Project/SplashDrone/data/src/utils\../../Deep-Learning-Data/StMarg_dataset\annotations_tif\SCLS_StMarg26776.tif
E:/Research/Project/SplashDrone/data/src/utils\../../Deep-Learning-Data/StMarg_dataset\images\StMarg26806.jpg,E:/Research/Project/SplashDrone/data/src/utils\../../Deep-Learning-Data/StMarg_dataset\annotations_tif\SCLS_StMarg26806.tif
E:/Research/Project/SplashDrone/data/src/utils\../../Deep-Learning-Data/StMarg_dataset\images\StMarg26818.jpg,E:/Research/Project/SplashDrone/data/src/utils\../../Deep-Learning-Data/StMarg_dataset\annotations_tif\SCLS_StMarg26818.tif
E:/Research/Project/SplashDrone/data/src/utils\../../Deep-Learning-Data/StMarg_dataset\images\StMarg26836.jpg,E:/Research/Project/SplashDrone/data/src/utils\../../Deep-Learning-Data/StMarg_dataset\annotations_tif\SCLS_StMarg26836.tif
E:/Research/Project/SplashDrone/data/src/utils\../../Deep-Learning-Data/StMarg_dataset\images\StMarg27113.jpg,E:/Research/Project/SplashDrone/data/src/utils\../../Deep-Learning-Data/StMarg_dataset\annotations_tif\SCLS_StMarg27113.tif
E:/Research/Project/SplashDrone/data/src/utils\../../Deep-Learning-Data/StMarg_dataset\images\StMarg27137.jpg,E:/Research/Project/SplashDrone/data/src/utils\../../Deep-Learning-Data/StMarg_dataset\annotations_tif\SCLS_StMarg27137.tif
E:/Research/Project/SplashDrone/data/src/utils\../../Deep-Learning-Data/StMarg_dataset\images\StMarg27167.jpg,E:/Research/Project/SplashDrone/data/src/utils\../../Deep-Learning-Data/StMarg_dataset\annotations_tif\SCLS_StMarg27167.tif
E:/Research/Project/SplashDrone/data/src/utils\../../Deep-Learning-Data/StMarg_dataset\images\StMarg27179.jpg,E:/Research/Project/SplashDrone/data/src/utils\../../Deep-Learning-Data/StMarg_dataset\annotations_tif\SCLS_StMarg27179.tif
E:/Research/Project/SplashDrone/data/src/utils\../../Deep-Learning-Data/StMarg_dataset\images\StMarg27191.jpg,E:/Research/Project/SplashDrone/data/src/utils\../../Deep-Learning-Data/StMarg_dataset\annotations_tif\SCLS_StMarg27191.tif
E:/Research/Project/SplashDrone/data/src/utils\../../Deep-Learning-Data/StMarg_dataset\images\StMarg27203.jpg,E:/Research/Project/SplashDrone/data/src/utils\../../Deep-Learning-Data/StMarg_dataset\annotations_tif\SCLS_StMarg27203.tif
E:/Research/Project/SplashDrone/data/src/utils\../../Deep-Learning-Data/StMarg_dataset\images\StMarg27209.jpg,E:/Research/Project/SplashDrone/data/src/utils\../../Deep-Learning-Data/StMarg_dataset\annotations_tif\SCLS_StMarg27209.tif
E:/Research/Project/SplashDrone/data/src/utils\../../Deep-Learning-Data/StMarg_dataset\images\StMarg27233.jpg,E:/Research/Project/SplashDrone/data/src/utils\../../Deep-Learning-Data/StMarg_dataset\annotations_tif\SCLS_StMarg27233.tif
E:/Research/Project/SplashDrone/data/src/utils\../../Deep-Learning-Data/StMarg_dataset\images\StMarg27669.jpg,E:/Research/Project/SplashDrone/data/src/utils\../../Deep-Learning-Data/StMarg_dataset\annotations_tif\SCLS_StMarg27669.tif
E:/Research/Project/SplashDrone/data/src/utils\../../Deep-Learning-Data/StMarg_dataset\images\StMarg27680.jpg,E:/Research/Project/SplashDrone/data/src/utils\../../Deep-Learning-Data/StMarg_dataset\annotations_tif\SCLS_StMarg27680.tif
E:/Research/Project/SplashDrone/data/src/utils\../../Deep-Learning-Data/StMarg_dataset\images\StMarg27706.jpg,E:/Research/Project/SplashDrone/data/src/utils\../../Deep-Learning-Data/StMarg_dataset\annotations_tif\SCLS_StMarg27706.tif
E:/Research/Project/SplashDrone/data/src/utils\../../Deep-Learning-Data/StMarg_dataset\images\StMarg27718.jpg,E:/Research/Project/SplashDrone/data/src/utils\../../Deep-Learning-Data/StMarg_dataset\annotations_tif\SCLS_StMarg27718.tif
E:/Research/Project/SplashDrone/data/src/utils\../../Deep-Learning-Data/StMarg_dataset\images\StMarg27730.jpg,E:/Research/Project/SplashDrone/data/src/utils\../../Deep-Learning-Data/StMarg_dataset\annotations_tif\SCLS_StMarg27730.tif
E:/Research/Project/SplashDrone/data/src/utils\../../Deep-Learning-Data/StMarg_dataset\images\StMarg27754.jpg,E:/Research/Project/SplashDrone/data/src/utils\../../Deep-Learning-Data/StMarg_dataset\annotations_tif\SCLS_StMarg27754.tif
E:/Research/Project/SplashDrone/data/src/utils\../../Deep-Learning-Data/StMarg_dataset\images\StMarg27772.jpg,E:/Research/Project/SplashDrone/data/src/utils\../../Deep-Learning-Data/StMarg_dataset\annotations_tif\SCLS_StMarg27772.tif
E:/Research/Project/SplashDrone/data/src/utils\../../Deep-Learning-Data/StMarg_dataset\images\StMarg27784.jpg,E:/Research/Project/SplashDrone/data/src/utils\../../Deep-Learning-Data/StMarg_dataset\annotations_tif\SCLS_StMarg27784.tif
E:/Research/Project/SplashDrone/data/src/utils\../../Deep-Learning-Data/StMarg_dataset\images\StMarg27819.jpg,E:/Research/Project/SplashDrone/data/src/utils\../../Deep-Learning-Data/StMarg_dataset\annotations_tif\SCLS_StMarg27819.tif
E:/Research/Project/SplashDrone/data/src/utils\../../Deep-Learning-Data/StMarg_dataset\images\StMarg27849.jpg,E:/Research/Project/SplashDrone/data/src/utils\../../Deep-Learning-Data/StMarg_dataset\annotations_tif\SCLS_StMarg27849.tif
E:/Research/Project/SplashDrone/data/src/utils\../../Deep-Learning-Data/StMarg_dataset\images\StMarg27861.jpg,E:/Research/Project/SplashDrone/data/src/utils\../../Deep-Learning-Data/StMarg_dataset\annotations_tif\SCLS_StMarg27861.tif
E:/Research/Project/SplashDrone/data/src/utils\../../Deep-Learning-Data/StMarg_dataset\images\StMarg27873.jpg,E:/Research/Project/SplashDrone/data/src/utils\../../Deep-Learning-Data/StMarg_dataset\annotations_tif\SCLS_StMarg27873.tif
E:/Research/Project/SplashDrone/data/src/utils\../../Deep-Learning-Data/StMarg_dataset\images\StMarg27879.jpg,E:/Research/Project/SplashDrone/data/src/utils\../../Deep-Learning-Data/StMarg_dataset\annotations_tif\SCLS_StMarg27879.tif
E:/Research/Project/SplashDrone/data/src/utils\../../Deep-Learning-Data/StMarg_dataset\images\StMarg27909.jpg,E:/Research/Project/SplashDrone/data/src/utils\../../Deep-Learning-Data/StMarg_dataset\annotations_tif\SCLS_StMarg27909.tif
E:/Research/Project/SplashDrone/data/src/utils\../../Deep-Learning-Data/StMarg_dataset\images\StMarg27915.jpg,E:/Research/Project/SplashDrone/data/src/utils\../../Deep-Learning-Data/StMarg_dataset\annotations_tif\SCLS_StMarg27915.tif
E:/Research/Project/SplashDrone/data/src/utils\../../Deep-Learning-Data/StMarg_dataset\images\StMarg27933.jpg,E:/Research/Project/SplashDrone/data/src/utils\../../Deep-Learning-Data/StMarg_dataset\annotations_tif\SCLS_StMarg27933.tif
E:/Research/Project/SplashDrone/data/src/utils\../../Deep-Learning-Data/StMarg_dataset\images\StMarg27939.jpg,E:/Research/Project/SplashDrone/data/src/utils\../../Deep-Learning-Data/StMarg_dataset\annotations_tif\SCLS_StMarg27939.tif
E:/Research/Project/SplashDrone/data/src/utils\../../Deep-Learning-Data/StMarg_dataset\images\StMarg27951.jpg,E:/Research/Project/SplashDrone/data/src/utils\../../Deep-Learning-Data/StMarg_dataset\annotations_tif\SCLS_StMarg27951.tif
E:/Research/Project/SplashDrone/data/src/utils\../../Deep-Learning-Data/StMarg_dataset\images\StMarg27980.jpg,E:/Research/Project/SplashDrone/data/src/utils\../../Deep-Learning-Data/StMarg_dataset\annotations_tif\SCLS_StMarg27980.tif
E:/Research/Project/SplashDrone/data/src/utils\../../Deep-Learning-Data/StMarg_dataset\images\StMarg27981.jpg,E:/Research/Project/SplashDrone/data/src/utils\../../Deep-Learning-Data/StMarg_dataset\annotations_tif\SCLS_StMarg27981.tif
E:/Research/Project/SplashDrone/data/src/utils\../../Deep-Learning-Data/StMarg_dataset\images\StMarg28003.jpg,E:/Research/Project/SplashDrone/data/src/utils\../../Deep-Learning-Data/StMarg_dataset\annotations_tif\SCLS_StMarg28003.tif
E:/Research/Project/SplashDrone/data/src/utils\../../Deep-Learning-Data/StMarg_dataset\images\StMarg28009.jpg,E:/Research/Project/SplashDrone/data/src/utils\../../Deep-Learning-Data/StMarg_dataset\annotations_tif\SCLS_StMarg28009.tif
E:/Research/Project/SplashDrone/data/src/utils\../../Deep-Learning-Data/StMarg_dataset\images\StMarg28015.jpg,E:/Research/Project/SplashDrone/data/src/utils\../../Deep-Learning-Data/StMarg_dataset\annotations_tif\SCLS_StMarg28015.tif
E:/Research/Project/SplashDrone/data/src/utils\../../Deep-Learning-Data/StMarg_dataset\images\StMarg28027.jpg,E:/Research/Project/SplashDrone/data/src/utils\../../Deep-Learning-Data/StMarg_dataset\annotations_tif\SCLS_StMarg28027.tif
E:/Research/Project/SplashDrone/data/src/utils\../../Deep-Learning-Data/StMarg_dataset\images\StMarg28034.jpg,E:/Research/Project/SplashDrone/data/src/utils\../../Deep-Learning-Data/StMarg_dataset\annotations_tif\SCLS_StMarg28034.tif
E:/Research/Project/SplashDrone/data/src/utils\../../Deep-Learning-Data/StMarg_dataset\images\StMarg28039.jpg,E:/Research/Project/SplashDrone/data/src/utils\../../Deep-Learning-Data/StMarg_dataset\annotations_tif\SCLS_StMarg28039.tif
E:/Research/Project/SplashDrone/data/src/utils\../../Deep-Learning-Data/StMarg_dataset\images\StMarg28045.jpg,E:/Research/Project/SplashDrone/data/src/utils\../../Deep-Learning-Data/StMarg_dataset\annotations_tif\SCLS_StMarg28045.tif
E:/Research/Project/SplashDrone/data/src/utils\../../Deep-Learning-Data/StMarg_dataset\images\StMarg29744.jpg,E:/Research/Project/SplashDrone/data/src/utils\../../Deep-Learning-Data/StMarg_dataset\annotations_tif\SCLS_StMarg29744.tif
E:/Research/Project/SplashDrone/data/src/utils\../../Deep-Learning-Data/StMarg_dataset\images\StMarg29888.jpg,E:/Research/Project/SplashDrone/data/src/utils\../../Deep-Learning-Data/StMarg_dataset\annotations_tif\SCLS_StMarg29888.tif
E:/Research/Project/SplashDrone/data/src/utils\../../Deep-Learning-Data/StMarg_dataset\images\StMarg30068.jpg,E:/Research/Project/SplashDrone/data/src/utils\../../Deep-Learning-Data/StMarg_dataset\annotations_tif\SCLS_StMarg30068.tif
