E:/Research/Project/SplashDrone/data/src/utils\../../WabashRiverAerial-Data/wabash_dataset\images\wabash_downward_0000.jpg,E:/Research/Project/SplashDrone/data/src/utils\../../WabashRiverAerial-Data/wabash_dataset\annotations_binary\wabash_downward_0000_binary_mask.png
E:/Research/Project/SplashDrone/data/src/utils\../../WabashRiverAerial-Data/wabash_dataset\images\wabash_downward_0001.jpg,E:/Research/Project/SplashDrone/data/src/utils\../../WabashRiverAerial-Data/wabash_dataset\annotations_binary\wabash_downward_0001_binary_mask.png
E:/Research/Project/SplashDrone/data/src/utils\../../WabashRiverAerial-Data/wabash_dataset\images\wabash_downward_0002.jpg,E:/Research/Project/SplashDrone/data/src/utils\../../WabashRiverAerial-Data/wabash_dataset\annotations_binary\wabash_downward_0002_binary_mask.png
E:/Research/Project/SplashDrone/data/src/utils\../../WabashRiverAerial-Data/wabash_dataset\images\wabash_downward_0003.jpg,E:/Research/Project/SplashDrone/data/src/utils\../../WabashRiverAerial-Data/wabash_dataset\annotations_binary\wabash_downward_0003_binary_mask.png
E:/Research/Project/SplashDrone/data/src/utils\../../WabashRiverAerial-Data/wabash_dataset\images\wabash_downward_0004.jpg,E:/Research/Project/SplashDrone/data/src/utils\../../WabashRiverAerial-Data/wabash_dataset\annotations_binary\wabash_downward_0004_binary_mask.png
E:/Research/Project/SplashDrone/data/src/utils\../../WabashRiverAerial-Data/wabash_dataset\images\wabash_downward_0005.jpg,E:/Research/Project/SplashDrone/data/src/utils\../../WabashRiverAerial-Data/wabash_dataset\annotations_binary\wabash_downward_0005_binary_mask.png
E:/Research/Project/SplashDrone/data/src/utils\../../WabashRiverAerial-Data/wabash_dataset\images\wabash_downward_0006.jpg,E:/Research/Project/SplashDrone/data/src/utils\../../WabashRiverAerial-Data/wabash_dataset\annotations_binary\wabash_downward_0006_binary_mask.png
E:/Research/Project/SplashDrone/data/src/utils\../../WabashRiverAerial-Data/wabash_dataset\images\wabash_downward_0007.jpg,E:/Research/Project/SplashDrone/data/src/utils\../../WabashRiverAerial-Data/wabash_dataset\annotations_binary\wabash_downward_0007_binary_mask.png
E:/Research/Project/SplashDrone/data/src/utils\../../WabashRiverAerial-Data/wabash_dataset\images\wabash_downward_0008.jpg,E:/Research/Project/SplashDrone/data/src/utils\../../WabashRiverAerial-Data/wabash_dataset\annotations_binary\wabash_downward_0008_binary_mask.png
E:/Research/Project/SplashDrone/data/src/utils\../../WabashRiverAerial-Data/wabash_dataset\images\wabash_downward_0009.jpg,E:/Research/Project/SplashDrone/data/src/utils\../../WabashRiverAerial-Data/wabash_dataset\annotations_binary\wabash_downward_0009_binary_mask.png
E:/Research/Project/SplashDrone/data/src/utils\../../WabashRiverAerial-Data/wabash_dataset\images\wabash_downward_0010.jpg,E:/Research/Project/SplashDrone/data/src/utils\../../WabashRiverAerial-Data/wabash_dataset\annotations_binary\wabash_downward_0010_binary_mask.png
E:/Research/Project/SplashDrone/data/src/utils\../../WabashRiverAerial-Data/wabash_dataset\images\wabash_downward_0011.jpg,E:/Research/Project/SplashDrone/data/src/utils\../../WabashRiverAerial-Data/wabash_dataset\annotations_binary\wabash_downward_0011_binary_mask.png
E:/Research/Project/SplashDrone/data/src/utils\../../WabashRiverAerial-Data/wabash_dataset\images\wabash_downward_0012.jpg,E:/Research/Project/SplashDrone/data/src/utils\../../WabashRiverAerial-Data/wabash_dataset\annotations_binary\wabash_downward_0012_binary_mask.png
E:/Research/Project/SplashDrone/data/src/utils\../../WabashRiverAerial-Data/wabash_dataset\images\wabash_downward_0013.jpg,E:/Research/Project/SplashDrone/data/src/utils\../../WabashRiverAerial-Data/wabash_dataset\annotations_binary\wabash_downward_0013_binary_mask.png
E:/Research/Project/SplashDrone/data/src/utils\../../WabashRiverAerial-Data/wabash_dataset\images\wabash_downward_0014.jpg,E:/Research/Project/SplashDrone/data/src/utils\../../WabashRiverAerial-Data/wabash_dataset\annotations_binary\wabash_downward_0014_binary_mask.png
E:/Research/Project/SplashDrone/data/src/utils\../../WabashRiverAerial-Data/wabash_dataset\images\wabash_downward_0015.jpg,E:/Research/Project/SplashDrone/data/src/utils\../../WabashRiverAerial-Data/wabash_dataset\annotations_binary\wabash_downward_0015_binary_mask.png
E:/Research/Project/SplashDrone/data/src/utils\../../WabashRiverAerial-Data/wabash_dataset\images\wabash_downward_0016.jpg,E:/Research/Project/SplashDrone/data/src/utils\../../WabashRiverAerial-Data/wabash_dataset\annotations_binary\wabash_downward_0016_binary_mask.png
E:/Research/Project/SplashDrone/data/src/utils\../../WabashRiverAerial-Data/wabash_dataset\images\wabash_downward_0017.jpg,E:/Research/Project/SplashDrone/data/src/utils\../../WabashRiverAerial-Data/wabash_dataset\annotations_binary\wabash_downward_0017_binary_mask.png
E:/Research/Project/SplashDrone/data/src/utils\../../WabashRiverAerial-Data/wabash_dataset\images\wabash_downward_0018.jpg,E:/Research/Project/SplashDrone/data/src/utils\../../WabashRiverAerial-Data/wabash_dataset\annotations_binary\wabash_downward_0018_binary_mask.png
E:/Research/Project/SplashDrone/data/src/utils\../../WabashRiverAerial-Data/wabash_dataset\images\wabash_downward_0019.jpg,E:/Research/Project/SplashDrone/data/src/utils\../../WabashRiverAerial-Data/wabash_dataset\annotations_binary\wabash_downward_0019_binary_mask.png
E:/Research/Project/SplashDrone/data/src/utils\../../WabashRiverAerial-Data/wabash_dataset\images\wabash_downward_0020.jpg,E:/Research/Project/SplashDrone/data/src/utils\../../WabashRiverAerial-Data/wabash_dataset\annotations_binary\wabash_downward_0020_binary_mask.png
E:/Research/Project/SplashDrone/data/src/utils\../../WabashRiverAerial-Data/wabash_dataset\images\wabash_downward_0021.jpg,E:/Research/Project/SplashDrone/data/src/utils\../../WabashRiverAerial-Data/wabash_dataset\annotations_binary\wabash_downward_0021_binary_mask.png
E:/Research/Project/SplashDrone/data/src/utils\../../WabashRiverAerial-Data/wabash_dataset\images\wabash_downward_0022.jpg,E:/Research/Project/SplashDrone/data/src/utils\../../WabashRiverAerial-Data/wabash_dataset\annotations_binary\wabash_downward_0022_binary_mask.png
E:/Research/Project/SplashDrone/data/src/utils\../../WabashRiverAerial-Data/wabash_dataset\images\wabash_downward_0023.jpg,E:/Research/Project/SplashDrone/data/src/utils\../../WabashRiverAerial-Data/wabash_dataset\annotations_binary\wabash_downward_0023_binary_mask.png
E:/Research/Project/SplashDrone/data/src/utils\../../WabashRiverAerial-Data/wabash_dataset\images\wabash_downward_0024.jpg,E:/Research/Project/SplashDrone/data/src/utils\../../WabashRiverAerial-Data/wabash_dataset\annotations_binary\wabash_downward_0024_binary_mask.png
E:/Research/Project/SplashDrone/data/src/utils\../../WabashRiverAerial-Data/wabash_dataset\images\wabash_downward_0025.jpg,E:/Research/Project/SplashDrone/data/src/utils\../../WabashRiverAerial-Data/wabash_dataset\annotations_binary\wabash_downward_0025_binary_mask.png
E:/Research/Project/SplashDrone/data/src/utils\../../WabashRiverAerial-Data/wabash_dataset\images\wabash_downward_0026.jpg,E:/Research/Project/SplashDrone/data/src/utils\../../WabashRiverAerial-Data/wabash_dataset\annotations_binary\wabash_downward_0026_binary_mask.png
E:/Research/Project/SplashDrone/data/src/utils\../../WabashRiverAerial-Data/wabash_dataset\images\wabash_downward_0027.jpg,E:/Research/Project/SplashDrone/data/src/utils\../../WabashRiverAerial-Data/wabash_dataset\annotations_binary\wabash_downward_0027_binary_mask.png
E:/Research/Project/SplashDrone/data/src/utils\../../WabashRiverAerial-Data/wabash_dataset\images\wabash_downward_0028.jpg,E:/Research/Project/SplashDrone/data/src/utils\../../WabashRiverAerial-Data/wabash_dataset\annotations_binary\wabash_downward_0028_binary_mask.png
E:/Research/Project/SplashDrone/data/src/utils\../../WabashRiverAerial-Data/wabash_dataset\images\wabash_downward_0029.jpg,E:/Research/Project/SplashDrone/data/src/utils\../../WabashRiverAerial-Data/wabash_dataset\annotations_binary\wabash_downward_0029_binary_mask.png
E:/Research/Project/SplashDrone/data/src/utils\../../WabashRiverAerial-Data/wabash_dataset\images\wabash_downward_0030.jpg,E:/Research/Project/SplashDrone/data/src/utils\../../WabashRiverAerial-Data/wabash_dataset\annotations_binary\wabash_downward_0030_binary_mask.png
E:/Research/Project/SplashDrone/data/src/utils\../../WabashRiverAerial-Data/wabash_dataset\images\wabash_downward_0031.jpg,E:/Research/Project/SplashDrone/data/src/utils\../../WabashRiverAerial-Data/wabash_dataset\annotations_binary\wabash_downward_0031_binary_mask.png
E:/Research/Project/SplashDrone/data/src/utils\../../WabashRiverAerial-Data/wabash_dataset\images\wabash_downward_0032.jpg,E:/Research/Project/SplashDrone/data/src/utils\../../WabashRiverAerial-Data/wabash_dataset\annotations_binary\wabash_downward_0032_binary_mask.png
E:/Research/Project/SplashDrone/data/src/utils\../../WabashRiverAerial-Data/wabash_dataset\images\wabash_downward_0033.jpg,E:/Research/Project/SplashDrone/data/src/utils\../../WabashRiverAerial-Data/wabash_dataset\annotations_binary\wabash_downward_0033_binary_mask.png
E:/Research/Project/SplashDrone/data/src/utils\../../WabashRiverAerial-Data/wabash_dataset\images\wabash_downward_0034.jpg,E:/Research/Project/SplashDrone/data/src/utils\../../WabashRiverAerial-Data/wabash_dataset\annotations_binary\wabash_downward_0034_binary_mask.png
E:/Research/Project/SplashDrone/data/src/utils\../../WabashRiverAerial-Data/wabash_dataset\images\wabash_downward_0035.jpg,E:/Research/Project/SplashDrone/data/src/utils\../../WabashRiverAerial-Data/wabash_dataset\annotations_binary\wabash_downward_0035_binary_mask.png
E:/Research/Project/SplashDrone/data/src/utils\../../WabashRiverAerial-Data/wabash_dataset\images\wabash_downward_0036.jpg,E:/Research/Project/SplashDrone/data/src/utils\../../WabashRiverAerial-Data/wabash_dataset\annotations_binary\wabash_downward_0036_binary_mask.png
E:/Research/Project/SplashDrone/data/src/utils\../../WabashRiverAerial-Data/wabash_dataset\images\wabash_downward_0037.jpg,E:/Research/Project/SplashDrone/data/src/utils\../../WabashRiverAerial-Data/wabash_dataset\annotations_binary\wabash_downward_0037_binary_mask.png
E:/Research/Project/SplashDrone/data/src/utils\../../WabashRiverAerial-Data/wabash_dataset\images\wabash_downward_0038.jpg,E:/Research/Project/SplashDrone/data/src/utils\../../WabashRiverAerial-Data/wabash_dataset\annotations_binary\wabash_downward_0038_binary_mask.png
E:/Research/Project/SplashDrone/data/src/utils\../../WabashRiverAerial-Data/wabash_dataset\images\wabash_downward_0039.jpg,E:/Research/Project/SplashDrone/data/src/utils\../../WabashRiverAerial-Data/wabash_dataset\annotations_binary\wabash_downward_0039_binary_mask.png
E:/Research/Project/SplashDrone/data/src/utils\../../WabashRiverAerial-Data/wabash_dataset\images\wabash_downward_0040.jpg,E:/Research/Project/SplashDrone/data/src/utils\../../WabashRiverAerial-Data/wabash_dataset\annotations_binary\wabash_downward_0040_binary_mask.png
E:/Research/Project/SplashDrone/data/src/utils\../../WabashRiverAerial-Data/wabash_dataset\images\wabash_downward_0041.jpg,E:/Research/Project/SplashDrone/data/src/utils\../../WabashRiverAerial-Data/wabash_dataset\annotations_binary\wabash_downward_0041_binary_mask.png
E:/Research/Project/SplashDrone/data/src/utils\../../WabashRiverAerial-Data/wabash_dataset\images\wabash_downward_0042.jpg,E:/Research/Project/SplashDrone/data/src/utils\../../WabashRiverAerial-Data/wabash_dataset\annotations_binary\wabash_downward_0042_binary_mask.png
E:/Research/Project/SplashDrone/data/src/utils\../../WabashRiverAerial-Data/wabash_dataset\images\wabash_downward_0043.jpg,E:/Research/Project/SplashDrone/data/src/utils\../../WabashRiverAerial-Data/wabash_dataset\annotations_binary\wabash_downward_0043_binary_mask.png
E:/Research/Project/SplashDrone/data/src/utils\../../WabashRiverAerial-Data/wabash_dataset\images\wabash_downward_0044.jpg,E:/Research/Project/SplashDrone/data/src/utils\../../WabashRiverAerial-Data/wabash_dataset\annotations_binary\wabash_downward_0044_binary_mask.png
E:/Research/Project/SplashDrone/data/src/utils\../../WabashRiverAerial-Data/wabash_dataset\images\wabash_downward_0045.jpg,E:/Research/Project/SplashDrone/data/src/utils\../../WabashRiverAerial-Data/wabash_dataset\annotations_binary\wabash_downward_0045_binary_mask.png
E:/Research/Project/SplashDrone/data/src/utils\../../WabashRiverAerial-Data/wabash_dataset\images\wabash_downward_0046.jpg,E:/Research/Project/SplashDrone/data/src/utils\../../WabashRiverAerial-Data/wabash_dataset\annotations_binary\wabash_downward_0046_binary_mask.png
E:/Research/Project/SplashDrone/data/src/utils\../../WabashRiverAerial-Data/wabash_dataset\images\wabash_downward_0047.jpg,E:/Research/Project/SplashDrone/data/src/utils\../../WabashRiverAerial-Data/wabash_dataset\annotations_binary\wabash_downward_0047_binary_mask.png
E:/Research/Project/SplashDrone/data/src/utils\../../WabashRiverAerial-Data/wabash_dataset\images\wabash_downward_0048.jpg,E:/Research/Project/SplashDrone/data/src/utils\../../WabashRiverAerial-Data/wabash_dataset\annotations_binary\wabash_downward_0048_binary_mask.png
E:/Research/Project/SplashDrone/data/src/utils\../../WabashRiverAerial-Data/wabash_dataset\images\wabash_downward_0049.jpg,E:/Research/Project/SplashDrone/data/src/utils\../../WabashRiverAerial-Data/wabash_dataset\annotations_binary\wabash_downward_0049_binary_mask.png
E:/Research/Project/SplashDrone/data/src/utils\../../WabashRiverAerial-Data/wabash_dataset\images\wabash_downward_0050.jpg,E:/Research/Project/SplashDrone/data/src/utils\../../WabashRiverAerial-Data/wabash_dataset\annotations_binary\wabash_downward_0050_binary_mask.png
E:/Research/Project/SplashDrone/data/src/utils\../../WabashRiverAerial-Data/wabash_dataset\images\wabash_downward_0051.jpg,E:/Research/Project/SplashDrone/data/src/utils\../../WabashRiverAerial-Data/wabash_dataset\annotations_binary\wabash_downward_0051_binary_mask.png
E:/Research/Project/SplashDrone/data/src/utils\../../WabashRiverAerial-Data/wabash_dataset\images\wabash_downward_0052.jpg,E:/Research/Project/SplashDrone/data/src/utils\../../WabashRiverAerial-Data/wabash_dataset\annotations_binary\wabash_downward_0052_binary_mask.png
E:/Research/Project/SplashDrone/data/src/utils\../../WabashRiverAerial-Data/wabash_dataset\images\wabash_downward_0053.jpg,E:/Research/Project/SplashDrone/data/src/utils\../../WabashRiverAerial-Data/wabash_dataset\annotations_binary\wabash_downward_0053_binary_mask.png
E:/Research/Project/SplashDrone/data/src/utils\../../WabashRiverAerial-Data/wabash_dataset\images\wabash_downward_0054.jpg,E:/Research/Project/SplashDrone/data/src/utils\../../WabashRiverAerial-Data/wabash_dataset\annotations_binary\wabash_downward_0054_binary_mask.png
E:/Research/Project/SplashDrone/data/src/utils\../../WabashRiverAerial-Data/wabash_dataset\images\wabash_downward_0055.jpg,E:/Research/Project/SplashDrone/data/src/utils\../../WabashRiverAerial-Data/wabash_dataset\annotations_binary\wabash_downward_0055_binary_mask.png
E:/Research/Project/SplashDrone/data/src/utils\../../WabashRiverAerial-Data/wabash_dataset\images\wabash_downward_0056.jpg,E:/Research/Project/SplashDrone/data/src/utils\../../WabashRiverAerial-Data/wabash_dataset\annotations_binary\wabash_downward_0056_binary_mask.png
E:/Research/Project/SplashDrone/data/src/utils\../../WabashRiverAerial-Data/wabash_dataset\images\wabash_downward_0057.jpg,E:/Research/Project/SplashDrone/data/src/utils\../../WabashRiverAerial-Data/wabash_dataset\annotations_binary\wabash_downward_0057_binary_mask.png
E:/Research/Project/SplashDrone/data/src/utils\../../WabashRiverAerial-Data/wabash_dataset\images\wabash_downward_0058.jpg,E:/Research/Project/SplashDrone/data/src/utils\../../WabashRiverAerial-Data/wabash_dataset\annotations_binary\wabash_downward_0058_binary_mask.png
E:/Research/Project/SplashDrone/data/src/utils\../../WabashRiverAerial-Data/wabash_dataset\images\wabash_downward_0059.jpg,E:/Research/Project/SplashDrone/data/src/utils\../../WabashRiverAerial-Data/wabash_dataset\annotations_binary\wabash_downward_0059_binary_mask.png
E:/Research/Project/SplashDrone/data/src/utils\../../WabashRiverAerial-Data/wabash_dataset\images\wabash_downward_0060.jpg,E:/Research/Project/SplashDrone/data/src/utils\../../WabashRiverAerial-Data/wabash_dataset\annotations_binary\wabash_downward_0060_binary_mask.png
E:/Research/Project/SplashDrone/data/src/utils\../../WabashRiverAerial-Data/wabash_dataset\images\wabash_downward_0061.jpg,E:/Research/Project/SplashDrone/data/src/utils\../../WabashRiverAerial-Data/wabash_dataset\annotations_binary\wabash_downward_0061_binary_mask.png
E:/Research/Project/SplashDrone/data/src/utils\../../WabashRiverAerial-Data/wabash_dataset\images\wabash_downward_0062.jpg,E:/Research/Project/SplashDrone/data/src/utils\../../WabashRiverAerial-Data/wabash_dataset\annotations_binary\wabash_downward_0062_binary_mask.png
E:/Research/Project/SplashDrone/data/src/utils\../../WabashRiverAerial-Data/wabash_dataset\images\wabash_downward_0063.jpg,E:/Research/Project/SplashDrone/data/src/utils\../../WabashRiverAerial-Data/wabash_dataset\annotations_binary\wabash_downward_0063_binary_mask.png
E:/Research/Project/SplashDrone/data/src/utils\../../WabashRiverAerial-Data/wabash_dataset\images\wabash_downward_0064.jpg,E:/Research/Project/SplashDrone/data/src/utils\../../WabashRiverAerial-Data/wabash_dataset\annotations_binary\wabash_downward_0064_binary_mask.png
E:/Research/Project/SplashDrone/data/src/utils\../../WabashRiverAerial-Data/wabash_dataset\images\wabash_downward_0065.jpg,E:/Research/Project/SplashDrone/data/src/utils\../../WabashRiverAerial-Data/wabash_dataset\annotations_binary\wabash_downward_0065_binary_mask.png
E:/Research/Project/SplashDrone/data/src/utils\../../WabashRiverAerial-Data/wabash_dataset\images\wabash_downward_0066.jpg,E:/Research/Project/SplashDrone/data/src/utils\../../WabashRiverAerial-Data/wabash_dataset\annotations_binary\wabash_downward_0066_binary_mask.png
E:/Research/Project/SplashDrone/data/src/utils\../../WabashRiverAerial-Data/wabash_dataset\images\wabash_downward_0067.jpg,E:/Research/Project/SplashDrone/data/src/utils\../../WabashRiverAerial-Data/wabash_dataset\annotations_binary\wabash_downward_0067_binary_mask.png
E:/Research/Project/SplashDrone/data/src/utils\../../WabashRiverAerial-Data/wabash_dataset\images\wabash_downward_0068.jpg,E:/Research/Project/SplashDrone/data/src/utils\../../WabashRiverAerial-Data/wabash_dataset\annotations_binary\wabash_downward_0068_binary_mask.png
E:/Research/Project/SplashDrone/data/src/utils\../../WabashRiverAerial-Data/wabash_dataset\images\wabash_downward_0069.jpg,E:/Research/Project/SplashDrone/data/src/utils\../../WabashRiverAerial-Data/wabash_dataset\annotations_binary\wabash_downward_0069_binary_mask.png
E:/Research/Project/SplashDrone/data/src/utils\../../WabashRiverAerial-Data/wabash_dataset\images\wabash_downward_0070.jpg,E:/Research/Project/SplashDrone/data/src/utils\../../WabashRiverAerial-Data/wabash_dataset\annotations_binary\wabash_downward_0070_binary_mask.png
E:/Research/Project/SplashDrone/data/src/utils\../../WabashRiverAerial-Data/wabash_dataset\images\wabash_downward_0071.jpg,E:/Research/Project/SplashDrone/data/src/utils\../../WabashRiverAerial-Data/wabash_dataset\annotations_binary\wabash_downward_0071_binary_mask.png
E:/Research/Project/SplashDrone/data/src/utils\../../WabashRiverAerial-Data/wabash_dataset\images\wabash_downward_0072.jpg,E:/Research/Project/SplashDrone/data/src/utils\../../WabashRiverAerial-Data/wabash_dataset\annotations_binary\wabash_downward_0072_binary_mask.png
E:/Research/Project/SplashDrone/data/src/utils\../../WabashRiverAerial-Data/wabash_dataset\images\wabash_downward_0073.jpg,E:/Research/Project/SplashDrone/data/src/utils\../../WabashRiverAerial-Data/wabash_dataset\annotations_binary\wabash_downward_0073_binary_mask.png
E:/Research/Project/SplashDrone/data/src/utils\../../WabashRiverAerial-Data/wabash_dataset\images\wabash_downward_0074.jpg,E:/Research/Project/SplashDrone/data/src/utils\../../WabashRiverAerial-Data/wabash_dataset\annotations_binary\wabash_downward_0074_binary_mask.png
E:/Research/Project/SplashDrone/data/src/utils\../../WabashRiverAerial-Data/wabash_dataset\images\wabash_downward_0075.jpg,E:/Research/Project/SplashDrone/data/src/utils\../../WabashRiverAerial-Data/wabash_dataset\annotations_binary\wabash_downward_0075_binary_mask.png
E:/Research/Project/SplashDrone/data/src/utils\../../WabashRiverAerial-Data/wabash_dataset\images\wabash_downward_0076.jpg,E:/Research/Project/SplashDrone/data/src/utils\../../WabashRiverAerial-Data/wabash_dataset\annotations_binary\wabash_downward_0076_binary_mask.png
E:/Research/Project/SplashDrone/data/src/utils\../../WabashRiverAerial-Data/wabash_dataset\images\wabash_downward_0077.jpg,E:/Research/Project/SplashDrone/data/src/utils\../../WabashRiverAerial-Data/wabash_dataset\annotations_binary\wabash_downward_0077_binary_mask.png
E:/Research/Project/SplashDrone/data/src/utils\../../WabashRiverAerial-Data/wabash_dataset\images\wabash_downward_0078.jpg,E:/Research/Project/SplashDrone/data/src/utils\../../WabashRiverAerial-Data/wabash_dataset\annotations_binary\wabash_downward_0078_binary_mask.png
E:/Research/Project/SplashDrone/data/src/utils\../../WabashRiverAerial-Data/wabash_dataset\images\wabash_downward_0079.jpg,E:/Research/Project/SplashDrone/data/src/utils\../../WabashRiverAerial-Data/wabash_dataset\annotations_binary\wabash_downward_0079_binary_mask.png
E:/Research/Project/SplashDrone/data/src/utils\../../WabashRiverAerial-Data/wabash_dataset\images\wabash_downward_0080.jpg,E:/Research/Project/SplashDrone/data/src/utils\../../WabashRiverAerial-Data/wabash_dataset\annotations_binary\wabash_downward_0080_binary_mask.png
E:/Research/Project/SplashDrone/data/src/utils\../../WabashRiverAerial-Data/wabash_dataset\images\wabash_downward_0081.jpg,E:/Research/Project/SplashDrone/data/src/utils\../../WabashRiverAerial-Data/wabash_dataset\annotations_binary\wabash_downward_0081_binary_mask.png
E:/Research/Project/SplashDrone/data/src/utils\../../WabashRiverAerial-Data/wabash_dataset\images\wabash_downward_0082.jpg,E:/Research/Project/SplashDrone/data/src/utils\../../WabashRiverAerial-Data/wabash_dataset\annotations_binary\wabash_downward_0082_binary_mask.png
E:/Research/Project/SplashDrone/data/src/utils\../../WabashRiverAerial-Data/wabash_dataset\images\wabash_downward_0083.jpg,E:/Research/Project/SplashDrone/data/src/utils\../../WabashRiverAerial-Data/wabash_dataset\annotations_binary\wabash_downward_0083_binary_mask.png
E:/Research/Project/SplashDrone/data/src/utils\../../WabashRiverAerial-Data/wabash_dataset\images\wabash_downward_0084.jpg,E:/Research/Project/SplashDrone/data/src/utils\../../WabashRiverAerial-Data/wabash_dataset\annotations_binary\wabash_downward_0084_binary_mask.png
E:/Research/Project/SplashDrone/data/src/utils\../../WabashRiverAerial-Data/wabash_dataset\images\wabash_downward_0085.jpg,E:/Research/Project/SplashDrone/data/src/utils\../../WabashRiverAerial-Data/wabash_dataset\annotations_binary\wabash_downward_0085_binary_mask.png
E:/Research/Project/SplashDrone/data/src/utils\../../WabashRiverAerial-Data/wabash_dataset\images\wabash_downward_0086.jpg,E:/Research/Project/SplashDrone/data/src/utils\../../WabashRiverAerial-Data/wabash_dataset\annotations_binary\wabash_downward_0086_binary_mask.png
E:/Research/Project/SplashDrone/data/src/utils\../../WabashRiverAerial-Data/wabash_dataset\images\wabash_downward_0087.jpg,E:/Research/Project/SplashDrone/data/src/utils\../../WabashRiverAerial-Data/wabash_dataset\annotations_binary\wabash_downward_0087_binary_mask.png
E:/Research/Project/SplashDrone/data/src/utils\../../WabashRiverAerial-Data/wabash_dataset\images\wabash_downward_0088.jpg,E:/Research/Project/SplashDrone/data/src/utils\../../WabashRiverAerial-Data/wabash_dataset\annotations_binary\wabash_downward_0088_binary_mask.png
E:/Research/Project/SplashDrone/data/src/utils\../../WabashRiverAerial-Data/wabash_dataset\images\wabash_downward_0089.jpg,E:/Research/Project/SplashDrone/data/src/utils\../../WabashRiverAerial-Data/wabash_dataset\annotations_binary\wabash_downward_0089_binary_mask.png
E:/Research/Project/SplashDrone/data/src/utils\../../WabashRiverAerial-Data/wabash_dataset\images\wabash_downward_0090.jpg,E:/Research/Project/SplashDrone/data/src/utils\../../WabashRiverAerial-Data/wabash_dataset\annotations_binary\wabash_downward_0090_binary_mask.png
E:/Research/Project/SplashDrone/data/src/utils\../../WabashRiverAerial-Data/wabash_dataset\images\wabash_downward_0091.jpg,E:/Research/Project/SplashDrone/data/src/utils\../../WabashRiverAerial-Data/wabash_dataset\annotations_binary\wabash_downward_0091_binary_mask.png
E:/Research/Project/SplashDrone/data/src/utils\../../WabashRiverAerial-Data/wabash_dataset\images\wabash_downward_0092.jpg,E:/Research/Project/SplashDrone/data/src/utils\../../WabashRiverAerial-Data/wabash_dataset\annotations_binary\wabash_downward_0092_binary_mask.png
E:/Research/Project/SplashDrone/data/src/utils\../../WabashRiverAerial-Data/wabash_dataset\images\wabash_downward_0093.jpg,E:/Research/Project/SplashDrone/data/src/utils\../../WabashRiverAerial-Data/wabash_dataset\annotations_binary\wabash_downward_0093_binary_mask.png
E:/Research/Project/SplashDrone/data/src/utils\../../WabashRiverAerial-Data/wabash_dataset\images\wabash_downward_0094.jpg,E:/Research/Project/SplashDrone/data/src/utils\../../WabashRiverAerial-Data/wabash_dataset\annotations_binary\wabash_downward_0094_binary_mask.png
E:/Research/Project/SplashDrone/data/src/utils\../../WabashRiverAerial-Data/wabash_dataset\images\wabash_downward_0095.jpg,E:/Research/Project/SplashDrone/data/src/utils\../../WabashRiverAerial-Data/wabash_dataset\annotations_binary\wabash_downward_0095_binary_mask.png
E:/Research/Project/SplashDrone/data/src/utils\../../WabashRiverAerial-Data/wabash_dataset\images\wabash_downward_0096.jpg,E:/Research/Project/SplashDrone/data/src/utils\../../WabashRiverAerial-Data/wabash_dataset\annotations_binary\wabash_downward_0096_binary_mask.png
E:/Research/Project/SplashDrone/data/src/utils\../../WabashRiverAerial-Data/wabash_dataset\images\wabash_downward_0097.jpg,E:/Research/Project/SplashDrone/data/src/utils\../../WabashRiverAerial-Data/wabash_dataset\annotations_binary\wabash_downward_0097_binary_mask.png
E:/Research/Project/SplashDrone/data/src/utils\../../WabashRiverAerial-Data/wabash_dataset\images\wabash_downward_0098.jpg,E:/Research/Project/SplashDrone/data/src/utils\../../WabashRiverAerial-Data/wabash_dataset\annotations_binary\wabash_downward_0098_binary_mask.png
E:/Research/Project/SplashDrone/data/src/utils\../../WabashRiverAerial-Data/wabash_dataset\images\wabash_downward_0099.jpg,E:/Research/Project/SplashDrone/data/src/utils\../../WabashRiverAerial-Data/wabash_dataset\annotations_binary\wabash_downward_0099_binary_mask.png
E:/Research/Project/SplashDrone/data/src/utils\../../WabashRiverAerial-Data/wabash_dataset\images\wabash_downward_0100.jpg,E:/Research/Project/SplashDrone/data/src/utils\../../WabashRiverAerial-Data/wabash_dataset\annotations_binary\wabash_downward_0100_binary_mask.png
E:/Research/Project/SplashDrone/data/src/utils\../../WabashRiverAerial-Data/wabash_dataset\images\wabash_downward_0101.jpg,E:/Research/Project/SplashDrone/data/src/utils\../../WabashRiverAerial-Data/wabash_dataset\annotations_binary\wabash_downward_0101_binary_mask.png
E:/Research/Project/SplashDrone/data/src/utils\../../WabashRiverAerial-Data/wabash_dataset\images\wabash_downward_0102.jpg,E:/Research/Project/SplashDrone/data/src/utils\../../WabashRiverAerial-Data/wabash_dataset\annotations_binary\wabash_downward_0102_binary_mask.png
E:/Research/Project/SplashDrone/data/src/utils\../../WabashRiverAerial-Data/wabash_dataset\images\wabash_downward_0103.jpg,E:/Research/Project/SplashDrone/data/src/utils\../../WabashRiverAerial-Data/wabash_dataset\annotations_binary\wabash_downward_0103_binary_mask.png
E:/Research/Project/SplashDrone/data/src/utils\../../WabashRiverAerial-Data/wabash_dataset\images\wabash_downward_0104.jpg,E:/Research/Project/SplashDrone/data/src/utils\../../WabashRiverAerial-Data/wabash_dataset\annotations_binary\wabash_downward_0104_binary_mask.png
E:/Research/Project/SplashDrone/data/src/utils\../../WabashRiverAerial-Data/wabash_dataset\images\wabash_downward_0105.jpg,E:/Research/Project/SplashDrone/data/src/utils\../../WabashRiverAerial-Data/wabash_dataset\annotations_binary\wabash_downward_0105_binary_mask.png
E:/Research/Project/SplashDrone/data/src/utils\../../WabashRiverAerial-Data/wabash_dataset\images\wabash_downward_0106.jpg,E:/Research/Project/SplashDrone/data/src/utils\../../WabashRiverAerial-Data/wabash_dataset\annotations_binary\wabash_downward_0106_binary_mask.png
E:/Research/Project/SplashDrone/data/src/utils\../../WabashRiverAerial-Data/wabash_dataset\images\wabash_downward_0107.jpg,E:/Research/Project/SplashDrone/data/src/utils\../../WabashRiverAerial-Data/wabash_dataset\annotations_binary\wabash_downward_0107_binary_mask.png
E:/Research/Project/SplashDrone/data/src/utils\../../WabashRiverAerial-Data/wabash_dataset\images\wabash_downward_0108.jpg,E:/Research/Project/SplashDrone/data/src/utils\../../WabashRiverAerial-Data/wabash_dataset\annotations_binary\wabash_downward_0108_binary_mask.png
E:/Research/Project/SplashDrone/data/src/utils\../../WabashRiverAerial-Data/wabash_dataset\images\wabash_downward_0109.jpg,E:/Research/Project/SplashDrone/data/src/utils\../../WabashRiverAerial-Data/wabash_dataset\annotations_binary\wabash_downward_0109_binary_mask.png
E:/Research/Project/SplashDrone/data/src/utils\../../WabashRiverAerial-Data/wabash_dataset\images\wabash_downward_0110.jpg,E:/Research/Project/SplashDrone/data/src/utils\../../WabashRiverAerial-Data/wabash_dataset\annotations_binary\wabash_downward_0110_binary_mask.png
E:/Research/Project/SplashDrone/data/src/utils\../../WabashRiverAerial-Data/wabash_dataset\images\wabash_downward_0111.jpg,E:/Research/Project/SplashDrone/data/src/utils\../../WabashRiverAerial-Data/wabash_dataset\annotations_binary\wabash_downward_0111_binary_mask.png
E:/Research/Project/SplashDrone/data/src/utils\../../WabashRiverAerial-Data/wabash_dataset\images\wabash_downward_0112.jpg,E:/Research/Project/SplashDrone/data/src/utils\../../WabashRiverAerial-Data/wabash_dataset\annotations_binary\wabash_downward_0112_binary_mask.png
E:/Research/Project/SplashDrone/data/src/utils\../../WabashRiverAerial-Data/wabash_dataset\images\wabash_downward_0113.jpg,E:/Research/Project/SplashDrone/data/src/utils\../../WabashRiverAerial-Data/wabash_dataset\annotations_binary\wabash_downward_0113_binary_mask.png
E:/Research/Project/SplashDrone/data/src/utils\../../WabashRiverAerial-Data/wabash_dataset\images\wabash_downward_0114.jpg,E:/Research/Project/SplashDrone/data/src/utils\../../WabashRiverAerial-Data/wabash_dataset\annotations_binary\wabash_downward_0114_binary_mask.png
E:/Research/Project/SplashDrone/data/src/utils\../../WabashRiverAerial-Data/wabash_dataset\images\wabash_downward_0115.jpg,E:/Research/Project/SplashDrone/data/src/utils\../../WabashRiverAerial-Data/wabash_dataset\annotations_binary\wabash_downward_0115_binary_mask.png
E:/Research/Project/SplashDrone/data/src/utils\../../WabashRiverAerial-Data/wabash_dataset\images\wabash_downward_0116.jpg,E:/Research/Project/SplashDrone/data/src/utils\../../WabashRiverAerial-Data/wabash_dataset\annotations_binary\wabash_downward_0116_binary_mask.png
E:/Research/Project/SplashDrone/data/src/utils\../../WabashRiverAerial-Data/wabash_dataset\images\wabash_downward_0117.jpg,E:/Research/Project/SplashDrone/data/src/utils\../../WabashRiverAerial-Data/wabash_dataset\annotations_binary\wabash_downward_0117_binary_mask.png
E:/Research/Project/SplashDrone/data/src/utils\../../WabashRiverAerial-Data/wabash_dataset\images\wabash_downward_0118.jpg,E:/Research/Project/SplashDrone/data/src/utils\../../WabashRiverAerial-Data/wabash_dataset\annotations_binary\wabash_downward_0118_binary_mask.png
E:/Research/Project/SplashDrone/data/src/utils\../../WabashRiverAerial-Data/wabash_dataset\images\wabash_downward_0119.jpg,E:/Research/Project/SplashDrone/data/src/utils\../../WabashRiverAerial-Data/wabash_dataset\annotations_binary\wabash_downward_0119_binary_mask.png
E:/Research/Project/SplashDrone/data/src/utils\../../WabashRiverAerial-Data/wabash_dataset\images\wabash_downward_0120.jpg,E:/Research/Project/SplashDrone/data/src/utils\../../WabashRiverAerial-Data/wabash_dataset\annotations_binary\wabash_downward_0120_binary_mask.png
E:/Research/Project/SplashDrone/data/src/utils\../../WabashRiverAerial-Data/wabash_dataset\images\wabash_downward_0121.jpg,E:/Research/Project/SplashDrone/data/src/utils\../../WabashRiverAerial-Data/wabash_dataset\annotations_binary\wabash_downward_0121_binary_mask.png
E:/Research/Project/SplashDrone/data/src/utils\../../WabashRiverAerial-Data/wabash_dataset\images\wabash_downward_0122.jpg,E:/Research/Project/SplashDrone/data/src/utils\../../WabashRiverAerial-Data/wabash_dataset\annotations_binary\wabash_downward_0122_binary_mask.png
E:/Research/Project/SplashDrone/data/src/utils\../../WabashRiverAerial-Data/wabash_dataset\images\wabash_downward_0123.jpg,E:/Research/Project/SplashDrone/data/src/utils\../../WabashRiverAerial-Data/wabash_dataset\annotations_binary\wabash_downward_0123_binary_mask.png
E:/Research/Project/SplashDrone/data/src/utils\../../WabashRiverAerial-Data/wabash_dataset\images\wabash_downward_0124.jpg,E:/Research/Project/SplashDrone/data/src/utils\../../WabashRiverAerial-Data/wabash_dataset\annotations_binary\wabash_downward_0124_binary_mask.png
E:/Research/Project/SplashDrone/data/src/utils\../../WabashRiverAerial-Data/wabash_dataset\images\wabash_downward_0125.jpg,E:/Research/Project/SplashDrone/data/src/utils\../../WabashRiverAerial-Data/wabash_dataset\annotations_binary\wabash_downward_0125_binary_mask.png
E:/Research/Project/SplashDrone/data/src/utils\../../WabashRiverAerial-Data/wabash_dataset\images\wabash_downward_0126.jpg,E:/Research/Project/SplashDrone/data/src/utils\../../WabashRiverAerial-Data/wabash_dataset\annotations_binary\wabash_downward_0126_binary_mask.png
E:/Research/Project/SplashDrone/data/src/utils\../../WabashRiverAerial-Data/wabash_dataset\images\wabash_downward_0127.jpg,E:/Research/Project/SplashDrone/data/src/utils\../../WabashRiverAerial-Data/wabash_dataset\annotations_binary\wabash_downward_0127_binary_mask.png
E:/Research/Project/SplashDrone/data/src/utils\../../WabashRiverAerial-Data/wabash_dataset\images\wabash_downward_0128.jpg,E:/Research/Project/SplashDrone/data/src/utils\../../WabashRiverAerial-Data/wabash_dataset\annotations_binary\wabash_downward_0128_binary_mask.png
E:/Research/Project/SplashDrone/data/src/utils\../../WabashRiverAerial-Data/wabash_dataset\images\wabash_downward_0129.jpg,E:/Research/Project/SplashDrone/data/src/utils\../../WabashRiverAerial-Data/wabash_dataset\annotations_binary\wabash_downward_0129_binary_mask.png
E:/Research/Project/SplashDrone/data/src/utils\../../WabashRiverAerial-Data/wabash_dataset\images\wabash_downward_0130.jpg,E:/Research/Project/SplashDrone/data/src/utils\../../WabashRiverAerial-Data/wabash_dataset\annotations_binary\wabash_downward_0130_binary_mask.png
E:/Research/Project/SplashDrone/data/src/utils\../../WabashRiverAerial-Data/wabash_dataset\images\wabash_downward_0131.jpg,E:/Research/Project/SplashDrone/data/src/utils\../../WabashRiverAerial-Data/wabash_dataset\annotations_binary\wabash_downward_0131_binary_mask.png
E:/Research/Project/SplashDrone/data/src/utils\../../WabashRiverAerial-Data/wabash_dataset\images\wabash_downward_0132.jpg,E:/Research/Project/SplashDrone/data/src/utils\../../WabashRiverAerial-Data/wabash_dataset\annotations_binary\wabash_downward_0132_binary_mask.png
E:/Research/Project/SplashDrone/data/src/utils\../../WabashRiverAerial-Data/wabash_dataset\images\wabash_downward_0133.jpg,E:/Research/Project/SplashDrone/data/src/utils\../../WabashRiverAerial-Data/wabash_dataset\annotations_binary\wabash_downward_0133_binary_mask.png
E:/Research/Project/SplashDrone/data/src/utils\../../WabashRiverAerial-Data/wabash_dataset\images\wabash_downward_0134.jpg,E:/Research/Project/SplashDrone/data/src/utils\../../WabashRiverAerial-Data/wabash_dataset\annotations_binary\wabash_downward_0134_binary_mask.png
E:/Research/Project/SplashDrone/data/src/utils\../../WabashRiverAerial-Data/wabash_dataset\images\wabash_downward_0135.jpg,E:/Research/Project/SplashDrone/data/src/utils\../../WabashRiverAerial-Data/wabash_dataset\annotations_binary\wabash_downward_0135_binary_mask.png
E:/Research/Project/SplashDrone/data/src/utils\../../WabashRiverAerial-Data/wabash_dataset\images\wabash_downward_0136.jpg,E:/Research/Project/SplashDrone/data/src/utils\../../WabashRiverAerial-Data/wabash_dataset\annotations_binary\wabash_downward_0136_binary_mask.png
E:/Research/Project/SplashDrone/data/src/utils\../../WabashRiverAerial-Data/wabash_dataset\images\wabash_downward_0137.jpg,E:/Research/Project/SplashDrone/data/src/utils\../../WabashRiverAerial-Data/wabash_dataset\annotations_binary\wabash_downward_0137_binary_mask.png
E:/Research/Project/SplashDrone/data/src/utils\../../WabashRiverAerial-Data/wabash_dataset\images\wabash_downward_0138.jpg,E:/Research/Project/SplashDrone/data/src/utils\../../WabashRiverAerial-Data/wabash_dataset\annotations_binary\wabash_downward_0138_binary_mask.png
E:/Research/Project/SplashDrone/data/src/utils\../../WabashRiverAerial-Data/wabash_dataset\images\wabash_downward_0139.jpg,E:/Research/Project/SplashDrone/data/src/utils\../../WabashRiverAerial-Data/wabash_dataset\annotations_binary\wabash_downward_0139_binary_mask.png
E:/Research/Project/SplashDrone/data/src/utils\../../WabashRiverAerial-Data/wabash_dataset\images\wabash_downward_0140.jpg,E:/Research/Project/SplashDrone/data/src/utils\../../WabashRiverAerial-Data/wabash_dataset\annotations_binary\wabash_downward_0140_binary_mask.png
E:/Research/Project/SplashDrone/data/src/utils\../../WabashRiverAerial-Data/wabash_dataset\images\wabash_downward_0141.jpg,E:/Research/Project/SplashDrone/data/src/utils\../../WabashRiverAerial-Data/wabash_dataset\annotations_binary\wabash_downward_0141_binary_mask.png
E:/Research/Project/SplashDrone/data/src/utils\../../WabashRiverAerial-Data/wabash_dataset\images\wabash_downward_0142.jpg,E:/Research/Project/SplashDrone/data/src/utils\../../WabashRiverAerial-Data/wabash_dataset\annotations_binary\wabash_downward_0142_binary_mask.png
E:/Research/Project/SplashDrone/data/src/utils\../../WabashRiverAerial-Data/wabash_dataset\images\wabash_forward_0000.jpg,E:/Research/Project/SplashDrone/data/src/utils\../../WabashRiverAerial-Data/wabash_dataset\annotations_binary\wabash_forward_0000_binary_mask.png
E:/Research/Project/SplashDrone/data/src/utils\../../WabashRiverAerial-Data/wabash_dataset\images\wabash_forward_0001.jpg,E:/Research/Project/SplashDrone/data/src/utils\../../WabashRiverAerial-Data/wabash_dataset\annotations_binary\wabash_forward_0001_binary_mask.png
E:/Research/Project/SplashDrone/data/src/utils\../../WabashRiverAerial-Data/wabash_dataset\images\wabash_forward_0002.jpg,E:/Research/Project/SplashDrone/data/src/utils\../../WabashRiverAerial-Data/wabash_dataset\annotations_binary\wabash_forward_0002_binary_mask.png
E:/Research/Project/SplashDrone/data/src/utils\../../WabashRiverAerial-Data/wabash_dataset\images\wabash_forward_0003.jpg,E:/Research/Project/SplashDrone/data/src/utils\../../WabashRiverAerial-Data/wabash_dataset\annotations_binary\wabash_forward_0003_binary_mask.png
E:/Research/Project/SplashDrone/data/src/utils\../../WabashRiverAerial-Data/wabash_dataset\images\wabash_forward_0004.jpg,E:/Research/Project/SplashDrone/data/src/utils\../../WabashRiverAerial-Data/wabash_dataset\annotations_binary\wabash_forward_0004_binary_mask.png
E:/Research/Project/SplashDrone/data/src/utils\../../WabashRiverAerial-Data/wabash_dataset\images\wabash_forward_0005.jpg,E:/Research/Project/SplashDrone/data/src/utils\../../WabashRiverAerial-Data/wabash_dataset\annotations_binary\wabash_forward_0005_binary_mask.png
E:/Research/Project/SplashDrone/data/src/utils\../../WabashRiverAerial-Data/wabash_dataset\images\wabash_forward_0006.jpg,E:/Research/Project/SplashDrone/data/src/utils\../../WabashRiverAerial-Data/wabash_dataset\annotations_binary\wabash_forward_0006_binary_mask.png
E:/Research/Project/SplashDrone/data/src/utils\../../WabashRiverAerial-Data/wabash_dataset\images\wabash_forward_0007.jpg,E:/Research/Project/SplashDrone/data/src/utils\../../WabashRiverAerial-Data/wabash_dataset\annotations_binary\wabash_forward_0007_binary_mask.png
E:/Research/Project/SplashDrone/data/src/utils\../../WabashRiverAerial-Data/wabash_dataset\images\wabash_forward_0008.jpg,E:/Research/Project/SplashDrone/data/src/utils\../../WabashRiverAerial-Data/wabash_dataset\annotations_binary\wabash_forward_0008_binary_mask.png
E:/Research/Project/SplashDrone/data/src/utils\../../WabashRiverAerial-Data/wabash_dataset\images\wabash_forward_0009.jpg,E:/Research/Project/SplashDrone/data/src/utils\../../WabashRiverAerial-Data/wabash_dataset\annotations_binary\wabash_forward_0009_binary_mask.png
E:/Research/Project/SplashDrone/data/src/utils\../../WabashRiverAerial-Data/wabash_dataset\images\wabash_forward_0010.jpg,E:/Research/Project/SplashDrone/data/src/utils\../../WabashRiverAerial-Data/wabash_dataset\annotations_binary\wabash_forward_0010_binary_mask.png
E:/Research/Project/SplashDrone/data/src/utils\../../WabashRiverAerial-Data/wabash_dataset\images\wabash_forward_0011.jpg,E:/Research/Project/SplashDrone/data/src/utils\../../WabashRiverAerial-Data/wabash_dataset\annotations_binary\wabash_forward_0011_binary_mask.png
E:/Research/Project/SplashDrone/data/src/utils\../../WabashRiverAerial-Data/wabash_dataset\images\wabash_forward_0012.jpg,E:/Research/Project/SplashDrone/data/src/utils\../../WabashRiverAerial-Data/wabash_dataset\annotations_binary\wabash_forward_0012_binary_mask.png
E:/Research/Project/SplashDrone/data/src/utils\../../WabashRiverAerial-Data/wabash_dataset\images\wabash_forward_0013.jpg,E:/Research/Project/SplashDrone/data/src/utils\../../WabashRiverAerial-Data/wabash_dataset\annotations_binary\wabash_forward_0013_binary_mask.png
E:/Research/Project/SplashDrone/data/src/utils\../../WabashRiverAerial-Data/wabash_dataset\images\wabash_forward_0014.jpg,E:/Research/Project/SplashDrone/data/src/utils\../../WabashRiverAerial-Data/wabash_dataset\annotations_binary\wabash_forward_0014_binary_mask.png
E:/Research/Project/SplashDrone/data/src/utils\../../WabashRiverAerial-Data/wabash_dataset\images\wabash_forward_0015.jpg,E:/Research/Project/SplashDrone/data/src/utils\../../WabashRiverAerial-Data/wabash_dataset\annotations_binary\wabash_forward_0015_binary_mask.png
E:/Research/Project/SplashDrone/data/src/utils\../../WabashRiverAerial-Data/wabash_dataset\images\wabash_forward_0016.jpg,E:/Research/Project/SplashDrone/data/src/utils\../../WabashRiverAerial-Data/wabash_dataset\annotations_binary\wabash_forward_0016_binary_mask.png
E:/Research/Project/SplashDrone/data/src/utils\../../WabashRiverAerial-Data/wabash_dataset\images\wabash_forward_0017.jpg,E:/Research/Project/SplashDrone/data/src/utils\../../WabashRiverAerial-Data/wabash_dataset\annotations_binary\wabash_forward_0017_binary_mask.png
E:/Research/Project/SplashDrone/data/src/utils\../../WabashRiverAerial-Data/wabash_dataset\images\wabash_forward_0018.jpg,E:/Research/Project/SplashDrone/data/src/utils\../../WabashRiverAerial-Data/wabash_dataset\annotations_binary\wabash_forward_0018_binary_mask.png
E:/Research/Project/SplashDrone/data/src/utils\../../WabashRiverAerial-Data/wabash_dataset\images\wabash_forward_0019.jpg,E:/Research/Project/SplashDrone/data/src/utils\../../WabashRiverAerial-Data/wabash_dataset\annotations_binary\wabash_forward_0019_binary_mask.png
E:/Research/Project/SplashDrone/data/src/utils\../../WabashRiverAerial-Data/wabash_dataset\images\wabash_forward_0020.jpg,E:/Research/Project/SplashDrone/data/src/utils\../../WabashRiverAerial-Data/wabash_dataset\annotations_binary\wabash_forward_0020_binary_mask.png
E:/Research/Project/SplashDrone/data/src/utils\../../WabashRiverAerial-Data/wabash_dataset\images\wabash_forward_0021.jpg,E:/Research/Project/SplashDrone/data/src/utils\../../WabashRiverAerial-Data/wabash_dataset\annotations_binary\wabash_forward_0021_binary_mask.png
E:/Research/Project/SplashDrone/data/src/utils\../../WabashRiverAerial-Data/wabash_dataset\images\wabash_forward_0022.jpg,E:/Research/Project/SplashDrone/data/src/utils\../../WabashRiverAerial-Data/wabash_dataset\annotations_binary\wabash_forward_0022_binary_mask.png
E:/Research/Project/SplashDrone/data/src/utils\../../WabashRiverAerial-Data/wabash_dataset\images\wabash_forward_0023.jpg,E:/Research/Project/SplashDrone/data/src/utils\../../WabashRiverAerial-Data/wabash_dataset\annotations_binary\wabash_forward_0023_binary_mask.png
E:/Research/Project/SplashDrone/data/src/utils\../../WabashRiverAerial-Data/wabash_dataset\images\wabash_forward_0024.jpg,E:/Research/Project/SplashDrone/data/src/utils\../../WabashRiverAerial-Data/wabash_dataset\annotations_binary\wabash_forward_0024_binary_mask.png
E:/Research/Project/SplashDrone/data/src/utils\../../WabashRiverAerial-Data/wabash_dataset\images\wabash_forward_0025.jpg,E:/Research/Project/SplashDrone/data/src/utils\../../WabashRiverAerial-Data/wabash_dataset\annotations_binary\wabash_forward_0025_binary_mask.png
E:/Research/Project/SplashDrone/data/src/utils\../../WabashRiverAerial-Data/wabash_dataset\images\wabash_forward_0026.jpg,E:/Research/Project/SplashDrone/data/src/utils\../../WabashRiverAerial-Data/wabash_dataset\annotations_binary\wabash_forward_0026_binary_mask.png
E:/Research/Project/SplashDrone/data/src/utils\../../WabashRiverAerial-Data/wabash_dataset\images\wabash_forward_0027.jpg,E:/Research/Project/SplashDrone/data/src/utils\../../WabashRiverAerial-Data/wabash_dataset\annotations_binary\wabash_forward_0027_binary_mask.png
E:/Research/Project/SplashDrone/data/src/utils\../../WabashRiverAerial-Data/wabash_dataset\images\wabash_forward_0028.jpg,E:/Research/Project/SplashDrone/data/src/utils\../../WabashRiverAerial-Data/wabash_dataset\annotations_binary\wabash_forward_0028_binary_mask.png
E:/Research/Project/SplashDrone/data/src/utils\../../WabashRiverAerial-Data/wabash_dataset\images\wabash_forward_0029.jpg,E:/Research/Project/SplashDrone/data/src/utils\../../WabashRiverAerial-Data/wabash_dataset\annotations_binary\wabash_forward_0029_binary_mask.png
E:/Research/Project/SplashDrone/data/src/utils\../../WabashRiverAerial-Data/wabash_dataset\images\wabash_forward_0030.jpg,E:/Research/Project/SplashDrone/data/src/utils\../../WabashRiverAerial-Data/wabash_dataset\annotations_binary\wabash_forward_0030_binary_mask.png
E:/Research/Project/SplashDrone/data/src/utils\../../WabashRiverAerial-Data/wabash_dataset\images\wabash_forward_0031.jpg,E:/Research/Project/SplashDrone/data/src/utils\../../WabashRiverAerial-Data/wabash_dataset\annotations_binary\wabash_forward_0031_binary_mask.png
E:/Research/Project/SplashDrone/data/src/utils\../../WabashRiverAerial-Data/wabash_dataset\images\wabash_forward_0032.jpg,E:/Research/Project/SplashDrone/data/src/utils\../../WabashRiverAerial-Data/wabash_dataset\annotations_binary\wabash_forward_0032_binary_mask.png
E:/Research/Project/SplashDrone/data/src/utils\../../WabashRiverAerial-Data/wabash_dataset\images\wabash_forward_0033.jpg,E:/Research/Project/SplashDrone/data/src/utils\../../WabashRiverAerial-Data/wabash_dataset\annotations_binary\wabash_forward_0033_binary_mask.png
E:/Research/Project/SplashDrone/data/src/utils\../../WabashRiverAerial-Data/wabash_dataset\images\wabash_forward_0034.jpg,E:/Research/Project/SplashDrone/data/src/utils\../../WabashRiverAerial-Data/wabash_dataset\annotations_binary\wabash_forward_0034_binary_mask.png
E:/Research/Project/SplashDrone/data/src/utils\../../WabashRiverAerial-Data/wabash_dataset\images\wabash_forward_0035.jpg,E:/Research/Project/SplashDrone/data/src/utils\../../WabashRiverAerial-Data/wabash_dataset\annotations_binary\wabash_forward_0035_binary_mask.png
E:/Research/Project/SplashDrone/data/src/utils\../../WabashRiverAerial-Data/wabash_dataset\images\wabash_forward_0036.jpg,E:/Research/Project/SplashDrone/data/src/utils\../../WabashRiverAerial-Data/wabash_dataset\annotations_binary\wabash_forward_0036_binary_mask.png
E:/Research/Project/SplashDrone/data/src/utils\../../WabashRiverAerial-Data/wabash_dataset\images\wabash_forward_0037.jpg,E:/Research/Project/SplashDrone/data/src/utils\../../WabashRiverAerial-Data/wabash_dataset\annotations_binary\wabash_forward_0037_binary_mask.png
E:/Research/Project/SplashDrone/data/src/utils\../../WabashRiverAerial-Data/wabash_dataset\images\wabash_forward_0038.jpg,E:/Research/Project/SplashDrone/data/src/utils\../../WabashRiverAerial-Data/wabash_dataset\annotations_binary\wabash_forward_0038_binary_mask.png
E:/Research/Project/SplashDrone/data/src/utils\../../WabashRiverAerial-Data/wabash_dataset\images\wabash_forward_0039.jpg,E:/Research/Project/SplashDrone/data/src/utils\../../WabashRiverAerial-Data/wabash_dataset\annotations_binary\wabash_forward_0039_binary_mask.png
E:/Research/Project/SplashDrone/data/src/utils\../../WabashRiverAerial-Data/wabash_dataset\images\wabash_forward_0040.jpg,E:/Research/Project/SplashDrone/data/src/utils\../../WabashRiverAerial-Data/wabash_dataset\annotations_binary\wabash_forward_0040_binary_mask.png
E:/Research/Project/SplashDrone/data/src/utils\../../WabashRiverAerial-Data/wabash_dataset\images\wabash_forward_0041.jpg,E:/Research/Project/SplashDrone/data/src/utils\../../WabashRiverAerial-Data/wabash_dataset\annotations_binary\wabash_forward_0041_binary_mask.png
E:/Research/Project/SplashDrone/data/src/utils\../../WabashRiverAerial-Data/wabash_dataset\images\wabash_forward_0042.jpg,E:/Research/Project/SplashDrone/data/src/utils\../../WabashRiverAerial-Data/wabash_dataset\annotations_binary\wabash_forward_0042_binary_mask.png
E:/Research/Project/SplashDrone/data/src/utils\../../WabashRiverAerial-Data/wabash_dataset\images\wabash_forward_0043.jpg,E:/Research/Project/SplashDrone/data/src/utils\../../WabashRiverAerial-Data/wabash_dataset\annotations_binary\wabash_forward_0043_binary_mask.png
E:/Research/Project/SplashDrone/data/src/utils\../../WabashRiverAerial-Data/wabash_dataset\images\wabash_forward_0044.jpg,E:/Research/Project/SplashDrone/data/src/utils\../../WabashRiverAerial-Data/wabash_dataset\annotations_binary\wabash_forward_0044_binary_mask.png
E:/Research/Project/SplashDrone/data/src/utils\../../WabashRiverAerial-Data/wabash_dataset\images\wabash_forward_0045.jpg,E:/Research/Project/SplashDrone/data/src/utils\../../WabashRiverAerial-Data/wabash_dataset\annotations_binary\wabash_forward_0045_binary_mask.png
E:/Research/Project/SplashDrone/data/src/utils\../../WabashRiverAerial-Data/wabash_dataset\images\wabash_forward_0046.jpg,E:/Research/Project/SplashDrone/data/src/utils\../../WabashRiverAerial-Data/wabash_dataset\annotations_binary\wabash_forward_0046_binary_mask.png
E:/Research/Project/SplashDrone/data/src/utils\../../WabashRiverAerial-Data/wabash_dataset\images\wabash_forward_0047.jpg,E:/Research/Project/SplashDrone/data/src/utils\../../WabashRiverAerial-Data/wabash_dataset\annotations_binary\wabash_forward_0047_binary_mask.png
E:/Research/Project/SplashDrone/data/src/utils\../../WabashRiverAerial-Data/wabash_dataset\images\wabash_forward_0048.jpg,E:/Research/Project/SplashDrone/data/src/utils\../../WabashRiverAerial-Data/wabash_dataset\annotations_binary\wabash_forward_0048_binary_mask.png
E:/Research/Project/SplashDrone/data/src/utils\../../WabashRiverAerial-Data/wabash_dataset\images\wabash_forward_0049.jpg,E:/Research/Project/SplashDrone/data/src/utils\../../WabashRiverAerial-Data/wabash_dataset\annotations_binary\wabash_forward_0049_binary_mask.png
E:/Research/Project/SplashDrone/data/src/utils\../../WabashRiverAerial-Data/wabash_dataset\images\wabash_forward_0050.jpg,E:/Research/Project/SplashDrone/data/src/utils\../../WabashRiverAerial-Data/wabash_dataset\annotations_binary\wabash_forward_0050_binary_mask.png
E:/Research/Project/SplashDrone/data/src/utils\../../WabashRiverAerial-Data/wabash_dataset\images\wabash_forward_0051.jpg,E:/Research/Project/SplashDrone/data/src/utils\../../WabashRiverAerial-Data/wabash_dataset\annotations_binary\wabash_forward_0051_binary_mask.png
E:/Research/Project/SplashDrone/data/src/utils\../../WabashRiverAerial-Data/wabash_dataset\images\wabash_forward_0052.jpg,E:/Research/Project/SplashDrone/data/src/utils\../../WabashRiverAerial-Data/wabash_dataset\annotations_binary\wabash_forward_0052_binary_mask.png
E:/Research/Project/SplashDrone/data/src/utils\../../WabashRiverAerial-Data/wabash_dataset\images\wabash_forward_0053.jpg,E:/Research/Project/SplashDrone/data/src/utils\../../WabashRiverAerial-Data/wabash_dataset\annotations_binary\wabash_forward_0053_binary_mask.png
E:/Research/Project/SplashDrone/data/src/utils\../../WabashRiverAerial-Data/wabash_dataset\images\wabash_forward_0054.jpg,E:/Research/Project/SplashDrone/data/src/utils\../../WabashRiverAerial-Data/wabash_dataset\annotations_binary\wabash_forward_0054_binary_mask.png
E:/Research/Project/SplashDrone/data/src/utils\../../WabashRiverAerial-Data/wabash_dataset\images\wabash_forward_0055.jpg,E:/Research/Project/SplashDrone/data/src/utils\../../WabashRiverAerial-Data/wabash_dataset\annotations_binary\wabash_forward_0055_binary_mask.png
E:/Research/Project/SplashDrone/data/src/utils\../../WabashRiverAerial-Data/wabash_dataset\images\wabash_forward_0056.jpg,E:/Research/Project/SplashDrone/data/src/utils\../../WabashRiverAerial-Data/wabash_dataset\annotations_binary\wabash_forward_0056_binary_mask.png
E:/Research/Project/SplashDrone/data/src/utils\../../WabashRiverAerial-Data/wabash_dataset\images\wabash_forward_0057.jpg,E:/Research/Project/SplashDrone/data/src/utils\../../WabashRiverAerial-Data/wabash_dataset\annotations_binary\wabash_forward_0057_binary_mask.png
E:/Research/Project/SplashDrone/data/src/utils\../../WabashRiverAerial-Data/wabash_dataset\images\wabash_forward_0058.jpg,E:/Research/Project/SplashDrone/data/src/utils\../../WabashRiverAerial-Data/wabash_dataset\annotations_binary\wabash_forward_0058_binary_mask.png
E:/Research/Project/SplashDrone/data/src/utils\../../WabashRiverAerial-Data/wabash_dataset\images\wabash_forward_0059.jpg,E:/Research/Project/SplashDrone/data/src/utils\../../WabashRiverAerial-Data/wabash_dataset\annotations_binary\wabash_forward_0059_binary_mask.png
E:/Research/Project/SplashDrone/data/src/utils\../../WabashRiverAerial-Data/wabash_dataset\images\wabash_forward_0060.jpg,E:/Research/Project/SplashDrone/data/src/utils\../../WabashRiverAerial-Data/wabash_dataset\annotations_binary\wabash_forward_0060_binary_mask.png
E:/Research/Project/SplashDrone/data/src/utils\../../WabashRiverAerial-Data/wabash_dataset\images\wabash_forward_0061.jpg,E:/Research/Project/SplashDrone/data/src/utils\../../WabashRiverAerial-Data/wabash_dataset\annotations_binary\wabash_forward_0061_binary_mask.png
E:/Research/Project/SplashDrone/data/src/utils\../../WabashRiverAerial-Data/wabash_dataset\images\wabash_forward_0062.jpg,E:/Research/Project/SplashDrone/data/src/utils\../../WabashRiverAerial-Data/wabash_dataset\annotations_binary\wabash_forward_0062_binary_mask.png
E:/Research/Project/SplashDrone/data/src/utils\../../WabashRiverAerial-Data/wabash_dataset\images\wabash_forward_0063.jpg,E:/Research/Project/SplashDrone/data/src/utils\../../WabashRiverAerial-Data/wabash_dataset\annotations_binary\wabash_forward_0063_binary_mask.png
E:/Research/Project/SplashDrone/data/src/utils\../../WabashRiverAerial-Data/wabash_dataset\images\wabash_forward_0064.jpg,E:/Research/Project/SplashDrone/data/src/utils\../../WabashRiverAerial-Data/wabash_dataset\annotations_binary\wabash_forward_0064_binary_mask.png
E:/Research/Project/SplashDrone/data/src/utils\../../WabashRiverAerial-Data/wabash_dataset\images\wabash_forward_0065.jpg,E:/Research/Project/SplashDrone/data/src/utils\../../WabashRiverAerial-Data/wabash_dataset\annotations_binary\wabash_forward_0065_binary_mask.png
E:/Research/Project/SplashDrone/data/src/utils\../../WabashRiverAerial-Data/wabash_dataset\images\wabash_forward_0066.jpg,E:/Research/Project/SplashDrone/data/src/utils\../../WabashRiverAerial-Data/wabash_dataset\annotations_binary\wabash_forward_0066_binary_mask.png
E:/Research/Project/SplashDrone/data/src/utils\../../WabashRiverAerial-Data/wabash_dataset\images\wabash_forward_0067.jpg,E:/Research/Project/SplashDrone/data/src/utils\../../WabashRiverAerial-Data/wabash_dataset\annotations_binary\wabash_forward_0067_binary_mask.png
E:/Research/Project/SplashDrone/data/src/utils\../../WabashRiverAerial-Data/wabash_dataset\images\wabash_forward_0068.jpg,E:/Research/Project/SplashDrone/data/src/utils\../../WabashRiverAerial-Data/wabash_dataset\annotations_binary\wabash_forward_0068_binary_mask.png
E:/Research/Project/SplashDrone/data/src/utils\../../WabashRiverAerial-Data/wabash_dataset\images\wabash_forward_0069.jpg,E:/Research/Project/SplashDrone/data/src/utils\../../WabashRiverAerial-Data/wabash_dataset\annotations_binary\wabash_forward_0069_binary_mask.png
E:/Research/Project/SplashDrone/data/src/utils\../../WabashRiverAerial-Data/wabash_dataset\images\wabash_forward_0070.jpg,E:/Research/Project/SplashDrone/data/src/utils\../../WabashRiverAerial-Data/wabash_dataset\annotations_binary\wabash_forward_0070_binary_mask.png
E:/Research/Project/SplashDrone/data/src/utils\../../WabashRiverAerial-Data/wabash_dataset\images\wabash_forward_0071.jpg,E:/Research/Project/SplashDrone/data/src/utils\../../WabashRiverAerial-Data/wabash_dataset\annotations_binary\wabash_forward_0071_binary_mask.png
E:/Research/Project/SplashDrone/data/src/utils\../../WabashRiverAerial-Data/wabash_dataset\images\wabash_forward_0072.jpg,E:/Research/Project/SplashDrone/data/src/utils\../../WabashRiverAerial-Data/wabash_dataset\annotations_binary\wabash_forward_0072_binary_mask.png
E:/Research/Project/SplashDrone/data/src/utils\../../WabashRiverAerial-Data/wabash_dataset\images\wabash_forward_0073.jpg,E:/Research/Project/SplashDrone/data/src/utils\../../WabashRiverAerial-Data/wabash_dataset\annotations_binary\wabash_forward_0073_binary_mask.png
E:/Research/Project/SplashDrone/data/src/utils\../../WabashRiverAerial-Data/wabash_dataset\images\wabash_forward_0074.jpg,E:/Research/Project/SplashDrone/data/src/utils\../../WabashRiverAerial-Data/wabash_dataset\annotations_binary\wabash_forward_0074_binary_mask.png
E:/Research/Project/SplashDrone/data/src/utils\../../WabashRiverAerial-Data/wabash_dataset\images\wabash_forward_0075.jpg,E:/Research/Project/SplashDrone/data/src/utils\../../WabashRiverAerial-Data/wabash_dataset\annotations_binary\wabash_forward_0075_binary_mask.png
E:/Research/Project/SplashDrone/data/src/utils\../../WabashRiverAerial-Data/wabash_dataset\images\wabash_forward_0076.jpg,E:/Research/Project/SplashDrone/data/src/utils\../../WabashRiverAerial-Data/wabash_dataset\annotations_binary\wabash_forward_0076_binary_mask.png
E:/Research/Project/SplashDrone/data/src/utils\../../WabashRiverAerial-Data/wabash_dataset\images\wabash_forward_0077.jpg,E:/Research/Project/SplashDrone/data/src/utils\../../WabashRiverAerial-Data/wabash_dataset\annotations_binary\wabash_forward_0077_binary_mask.png
E:/Research/Project/SplashDrone/data/src/utils\../../WabashRiverAerial-Data/wabash_dataset\images\wabash_forward_0078.jpg,E:/Research/Project/SplashDrone/data/src/utils\../../WabashRiverAerial-Data/wabash_dataset\annotations_binary\wabash_forward_0078_binary_mask.png
E:/Research/Project/SplashDrone/data/src/utils\../../WabashRiverAerial-Data/wabash_dataset\images\wabash_forward_0079.jpg,E:/Research/Project/SplashDrone/data/src/utils\../../WabashRiverAerial-Data/wabash_dataset\annotations_binary\wabash_forward_0079_binary_mask.png
