E:/Research/Project/SplashDrone/data/src/utils\../..\River-Segmentation-Data\images\00001.jpg,E:/Research/Project/SplashDrone/data/src/utils\../..\River-Segmentation-Data\annotations_binary\00001.png
E:/Research/Project/SplashDrone/data/src/utils\../..\River-Segmentation-Data\images\00002.jpg,E:/Research/Project/SplashDrone/data/src/utils\../..\River-Segmentation-Data\annotations_binary\00002.png
E:/Research/Project/SplashDrone/data/src/utils\../..\River-Segmentation-Data\images\00003.jpg,E:/Research/Project/SplashDrone/data/src/utils\../..\River-Segmentation-Data\annotations_binary\00003.png
E:/Research/Project/SplashDrone/data/src/utils\../..\River-Segmentation-Data\images\00004.jpg,E:/Research/Project/SplashDrone/data/src/utils\../..\River-Segmentation-Data\annotations_binary\00004.png
E:/Research/Project/SplashDrone/data/src/utils\../..\River-Segmentation-Data\images\00005.jpg,E:/Research/Project/SplashDrone/data/src/utils\../..\River-Segmentation-Data\annotations_binary\00005.png
E:/Research/Project/SplashDrone/data/src/utils\../..\River-Segmentation-Data\images\00006.jpg,E:/Research/Project/SplashDrone/data/src/utils\../..\River-Segmentation-Data\annotations_binary\00006.png
E:/Research/Project/SplashDrone/data/src/utils\../..\River-Segmentation-Data\images\00007.jpg,E:/Research/Project/SplashDrone/data/src/utils\../..\River-Segmentation-Data\annotations_binary\00007.png
E:/Research/Project/SplashDrone/data/src/utils\../..\River-Segmentation-Data\images\00008.jpg,E:/Research/Project/SplashDrone/data/src/utils\../..\River-Segmentation-Data\annotations_binary\00008.png
E:/Research/Project/SplashDrone/data/src/utils\../..\River-Segmentation-Data\images\00009.jpg,E:/Research/Project/SplashDrone/data/src/utils\../..\River-Segmentation-Data\annotations_binary\00009.png
E:/Research/Project/SplashDrone/data/src/utils\../..\River-Segmentation-Data\images\00010.jpg,E:/Research/Project/SplashDrone/data/src/utils\../..\River-Segmentation-Data\annotations_binary\00010.png
E:/Research/Project/SplashDrone/data/src/utils\../..\River-Segmentation-Data\images\00011.jpg,E:/Research/Project/SplashDrone/data/src/utils\../..\River-Segmentation-Data\annotations_binary\00011.png
E:/Research/Project/SplashDrone/data/src/utils\../..\River-Segmentation-Data\images\00012.jpg,E:/Research/Project/SplashDrone/data/src/utils\../..\River-Segmentation-Data\annotations_binary\00012.png
E:/Research/Project/SplashDrone/data/src/utils\../..\River-Segmentation-Data\images\00013.jpg,E:/Research/Project/SplashDrone/data/src/utils\../..\River-Segmentation-Data\annotations_binary\00013.png
E:/Research/Project/SplashDrone/data/src/utils\../..\River-Segmentation-Data\images\00014.jpg,E:/Research/Project/SplashDrone/data/src/utils\../..\River-Segmentation-Data\annotations_binary\00014.png
E:/Research/Project/SplashDrone/data/src/utils\../..\River-Segmentation-Data\images\00015.jpg,E:/Research/Project/SplashDrone/data/src/utils\../..\River-Segmentation-Data\annotations_binary\00015.png
E:/Research/Project/SplashDrone/data/src/utils\../..\River-Segmentation-Data\images\00016.jpg,E:/Research/Project/SplashDrone/data/src/utils\../..\River-Segmentation-Data\annotations_binary\00016.png
E:/Research/Project/SplashDrone/data/src/utils\../..\River-Segmentation-Data\images\00017.jpg,E:/Research/Project/SplashDrone/data/src/utils\../..\River-Segmentation-Data\annotations_binary\00017.png
E:/Research/Project/SplashDrone/data/src/utils\../..\River-Segmentation-Data\images\00018.jpg,E:/Research/Project/SplashDrone/data/src/utils\../..\River-Segmentation-Data\annotations_binary\00018.png
E:/Research/Project/SplashDrone/data/src/utils\../..\River-Segmentation-Data\images\00019.jpg,E:/Research/Project/SplashDrone/data/src/utils\../..\River-Segmentation-Data\annotations_binary\00019.png
E:/Research/Project/SplashDrone/data/src/utils\../..\River-Segmentation-Data\images\00020.jpg,E:/Research/Project/SplashDrone/data/src/utils\../..\River-Segmentation-Data\annotations_binary\00020.png
E:/Research/Project/SplashDrone/data/src/utils\../..\River-Segmentation-Data\images\00021.jpg,E:/Research/Project/SplashDrone/data/src/utils\../..\River-Segmentation-Data\annotations_binary\00021.png
E:/Research/Project/SplashDrone/data/src/utils\../..\River-Segmentation-Data\images\00022.jpg,E:/Research/Project/SplashDrone/data/src/utils\../..\River-Segmentation-Data\annotations_binary\00022.png
E:/Research/Project/SplashDrone/data/src/utils\../..\River-Segmentation-Data\images\00023.jpg,E:/Research/Project/SplashDrone/data/src/utils\../..\River-Segmentation-Data\annotations_binary\00023.png
E:/Research/Project/SplashDrone/data/src/utils\../..\River-Segmentation-Data\images\00024.jpg,E:/Research/Project/SplashDrone/data/src/utils\../..\River-Segmentation-Data\annotations_binary\00024.png
E:/Research/Project/SplashDrone/data/src/utils\../..\River-Segmentation-Data\images\00025.jpg,E:/Research/Project/SplashDrone/data/src/utils\../..\River-Segmentation-Data\annotations_binary\00025.png
E:/Research/Project/SplashDrone/data/src/utils\../..\River-Segmentation-Data\images\00026.jpg,E:/Research/Project/SplashDrone/data/src/utils\../..\River-Segmentation-Data\annotations_binary\00026.png
E:/Research/Project/SplashDrone/data/src/utils\../..\River-Segmentation-Data\images\00027.jpg,E:/Research/Project/SplashDrone/data/src/utils\../..\River-Segmentation-Data\annotations_binary\00027.png
E:/Research/Project/SplashDrone/data/src/utils\../..\River-Segmentation-Data\images\00028.jpg,E:/Research/Project/SplashDrone/data/src/utils\../..\River-Segmentation-Data\annotations_binary\00028.png
E:/Research/Project/SplashDrone/data/src/utils\../..\River-Segmentation-Data\images\00029.jpg,E:/Research/Project/SplashDrone/data/src/utils\../..\River-Segmentation-Data\annotations_binary\00029.png
E:/Research/Project/SplashDrone/data/src/utils\../..\River-Segmentation-Data\images\00030.jpg,E:/Research/Project/SplashDrone/data/src/utils\../..\River-Segmentation-Data\annotations_binary\00030.png
E:/Research/Project/SplashDrone/data/src/utils\../..\River-Segmentation-Data\images\00031.jpg,E:/Research/Project/SplashDrone/data/src/utils\../..\River-Segmentation-Data\annotations_binary\00031.png
E:/Research/Project/SplashDrone/data/src/utils\../..\River-Segmentation-Data\images\00032.jpg,E:/Research/Project/SplashDrone/data/src/utils\../..\River-Segmentation-Data\annotations_binary\00032.png
E:/Research/Project/SplashDrone/data/src/utils\../..\River-Segmentation-Data\images\00033.jpg,E:/Research/Project/SplashDrone/data/src/utils\../..\River-Segmentation-Data\annotations_binary\00033.png
E:/Research/Project/SplashDrone/data/src/utils\../..\River-Segmentation-Data\images\00034.jpg,E:/Research/Project/SplashDrone/data/src/utils\../..\River-Segmentation-Data\annotations_binary\00034.png
E:/Research/Project/SplashDrone/data/src/utils\../..\River-Segmentation-Data\images\00035.jpg,E:/Research/Project/SplashDrone/data/src/utils\../..\River-Segmentation-Data\annotations_binary\00035.png
E:/Research/Project/SplashDrone/data/src/utils\../..\River-Segmentation-Data\images\00036.jpg,E:/Research/Project/SplashDrone/data/src/utils\../..\River-Segmentation-Data\annotations_binary\00036.png
E:/Research/Project/SplashDrone/data/src/utils\../..\River-Segmentation-Data\images\00037.jpg,E:/Research/Project/SplashDrone/data/src/utils\../..\River-Segmentation-Data\annotations_binary\00037.png
E:/Research/Project/SplashDrone/data/src/utils\../..\River-Segmentation-Data\images\00038.jpg,E:/Research/Project/SplashDrone/data/src/utils\../..\River-Segmentation-Data\annotations_binary\00038.png
E:/Research/Project/SplashDrone/data/src/utils\../..\River-Segmentation-Data\images\00039.jpg,E:/Research/Project/SplashDrone/data/src/utils\../..\River-Segmentation-Data\annotations_binary\00039.png
E:/Research/Project/SplashDrone/data/src/utils\../..\River-Segmentation-Data\images\00040.jpg,E:/Research/Project/SplashDrone/data/src/utils\../..\River-Segmentation-Data\annotations_binary\00040.png
E:/Research/Project/SplashDrone/data/src/utils\../..\River-Segmentation-Data\images\00041.jpg,E:/Research/Project/SplashDrone/data/src/utils\../..\River-Segmentation-Data\annotations_binary\00041.png
E:/Research/Project/SplashDrone/data/src/utils\../..\River-Segmentation-Data\images\00042.jpg,E:/Research/Project/SplashDrone/data/src/utils\../..\River-Segmentation-Data\annotations_binary\00042.png
E:/Research/Project/SplashDrone/data/src/utils\../..\River-Segmentation-Data\images\00043.jpg,E:/Research/Project/SplashDrone/data/src/utils\../..\River-Segmentation-Data\annotations_binary\00043.png
E:/Research/Project/SplashDrone/data/src/utils\../..\River-Segmentation-Data\images\00044.jpg,E:/Research/Project/SplashDrone/data/src/utils\../..\River-Segmentation-Data\annotations_binary\00044.png
E:/Research/Project/SplashDrone/data/src/utils\../..\River-Segmentation-Data\images\00045.jpg,E:/Research/Project/SplashDrone/data/src/utils\../..\River-Segmentation-Data\annotations_binary\00045.png
E:/Research/Project/SplashDrone/data/src/utils\../..\River-Segmentation-Data\images\00046.jpg,E:/Research/Project/SplashDrone/data/src/utils\../..\River-Segmentation-Data\annotations_binary\00046.png
E:/Research/Project/SplashDrone/data/src/utils\../..\River-Segmentation-Data\images\00047.jpg,E:/Research/Project/SplashDrone/data/src/utils\../..\River-Segmentation-Data\annotations_binary\00047.png
E:/Research/Project/SplashDrone/data/src/utils\../..\River-Segmentation-Data\images\00048.jpg,E:/Research/Project/SplashDrone/data/src/utils\../..\River-Segmentation-Data\annotations_binary\00048.png
E:/Research/Project/SplashDrone/data/src/utils\../..\River-Segmentation-Data\images\00049.jpg,E:/Research/Project/SplashDrone/data/src/utils\../..\River-Segmentation-Data\annotations_binary\00049.png
E:/Research/Project/SplashDrone/data/src/utils\../..\River-Segmentation-Data\images\00050.jpg,E:/Research/Project/SplashDrone/data/src/utils\../..\River-Segmentation-Data\annotations_binary\00050.png
E:/Research/Project/SplashDrone/data/src/utils\../..\River-Segmentation-Data\images\00051.jpg,E:/Research/Project/SplashDrone/data/src/utils\../..\River-Segmentation-Data\annotations_binary\00051.png
E:/Research/Project/SplashDrone/data/src/utils\../..\River-Segmentation-Data\images\00052.jpg,E:/Research/Project/SplashDrone/data/src/utils\../..\River-Segmentation-Data\annotations_binary\00052.png
E:/Research/Project/SplashDrone/data/src/utils\../..\River-Segmentation-Data\images\00053.jpg,E:/Research/Project/SplashDrone/data/src/utils\../..\River-Segmentation-Data\annotations_binary\00053.png
E:/Research/Project/SplashDrone/data/src/utils\../..\River-Segmentation-Data\images\00054.jpg,E:/Research/Project/SplashDrone/data/src/utils\../..\River-Segmentation-Data\annotations_binary\00054.png
E:/Research/Project/SplashDrone/data/src/utils\../..\River-Segmentation-Data\images\00055.jpg,E:/Research/Project/SplashDrone/data/src/utils\../..\River-Segmentation-Data\annotations_binary\00055.png
E:/Research/Project/SplashDrone/data/src/utils\../..\River-Segmentation-Data\images\00056.jpg,E:/Research/Project/SplashDrone/data/src/utils\../..\River-Segmentation-Data\annotations_binary\00056.png
E:/Research/Project/SplashDrone/data/src/utils\../..\River-Segmentation-Data\images\00057.jpg,E:/Research/Project/SplashDrone/data/src/utils\../..\River-Segmentation-Data\annotations_binary\00057.png
E:/Research/Project/SplashDrone/data/src/utils\../..\River-Segmentation-Data\images\00058.jpg,E:/Research/Project/SplashDrone/data/src/utils\../..\River-Segmentation-Data\annotations_binary\00058.png
E:/Research/Project/SplashDrone/data/src/utils\../..\River-Segmentation-Data\images\00059.jpg,E:/Research/Project/SplashDrone/data/src/utils\../..\River-Segmentation-Data\annotations_binary\00059.png
E:/Research/Project/SplashDrone/data/src/utils\../..\River-Segmentation-Data\images\00060.jpg,E:/Research/Project/SplashDrone/data/src/utils\../..\River-Segmentation-Data\annotations_binary\00060.png
E:/Research/Project/SplashDrone/data/src/utils\../..\River-Segmentation-Data\images\00061.jpg,E:/Research/Project/SplashDrone/data/src/utils\../..\River-Segmentation-Data\annotations_binary\00061.png
E:/Research/Project/SplashDrone/data/src/utils\../..\River-Segmentation-Data\images\00062.jpg,E:/Research/Project/SplashDrone/data/src/utils\../..\River-Segmentation-Data\annotations_binary\00062.png
E:/Research/Project/SplashDrone/data/src/utils\../..\River-Segmentation-Data\images\00063.jpg,E:/Research/Project/SplashDrone/data/src/utils\../..\River-Segmentation-Data\annotations_binary\00063.png
E:/Research/Project/SplashDrone/data/src/utils\../..\River-Segmentation-Data\images\00064.jpg,E:/Research/Project/SplashDrone/data/src/utils\../..\River-Segmentation-Data\annotations_binary\00064.png
E:/Research/Project/SplashDrone/data/src/utils\../..\River-Segmentation-Data\images\00065.jpg,E:/Research/Project/SplashDrone/data/src/utils\../..\River-Segmentation-Data\annotations_binary\00065.png
E:/Research/Project/SplashDrone/data/src/utils\../..\River-Segmentation-Data\images\00066.jpg,E:/Research/Project/SplashDrone/data/src/utils\../..\River-Segmentation-Data\annotations_binary\00066.png
E:/Research/Project/SplashDrone/data/src/utils\../..\River-Segmentation-Data\images\00067.jpg,E:/Research/Project/SplashDrone/data/src/utils\../..\River-Segmentation-Data\annotations_binary\00067.png
E:/Research/Project/SplashDrone/data/src/utils\../..\River-Segmentation-Data\images\00068.jpg,E:/Research/Project/SplashDrone/data/src/utils\../..\River-Segmentation-Data\annotations_binary\00068.png
E:/Research/Project/SplashDrone/data/src/utils\../..\River-Segmentation-Data\images\00069.jpg,E:/Research/Project/SplashDrone/data/src/utils\../..\River-Segmentation-Data\annotations_binary\00069.png
E:/Research/Project/SplashDrone/data/src/utils\../..\River-Segmentation-Data\images\00070.jpg,E:/Research/Project/SplashDrone/data/src/utils\../..\River-Segmentation-Data\annotations_binary\00070.png
E:/Research/Project/SplashDrone/data/src/utils\../..\River-Segmentation-Data\images\00071.jpg,E:/Research/Project/SplashDrone/data/src/utils\../..\River-Segmentation-Data\annotations_binary\00071.png
E:/Research/Project/SplashDrone/data/src/utils\../..\River-Segmentation-Data\images\00072.jpg,E:/Research/Project/SplashDrone/data/src/utils\../..\River-Segmentation-Data\annotations_binary\00072.png
E:/Research/Project/SplashDrone/data/src/utils\../..\River-Segmentation-Data\images\00073.jpg,E:/Research/Project/SplashDrone/data/src/utils\../..\River-Segmentation-Data\annotations_binary\00073.png
E:/Research/Project/SplashDrone/data/src/utils\../..\River-Segmentation-Data\images\00074.jpg,E:/Research/Project/SplashDrone/data/src/utils\../..\River-Segmentation-Data\annotations_binary\00074.png
E:/Research/Project/SplashDrone/data/src/utils\../..\River-Segmentation-Data\images\00075.jpg,E:/Research/Project/SplashDrone/data/src/utils\../..\River-Segmentation-Data\annotations_binary\00075.png
E:/Research/Project/SplashDrone/data/src/utils\../..\River-Segmentation-Data\images\00076.jpg,E:/Research/Project/SplashDrone/data/src/utils\../..\River-Segmentation-Data\annotations_binary\00076.png
E:/Research/Project/SplashDrone/data/src/utils\../..\River-Segmentation-Data\images\00077.jpg,E:/Research/Project/SplashDrone/data/src/utils\../..\River-Segmentation-Data\annotations_binary\00077.png
E:/Research/Project/SplashDrone/data/src/utils\../..\River-Segmentation-Data\images\00078.jpg,E:/Research/Project/SplashDrone/data/src/utils\../..\River-Segmentation-Data\annotations_binary\00078.png
E:/Research/Project/SplashDrone/data/src/utils\../..\River-Segmentation-Data\images\00079.jpg,E:/Research/Project/SplashDrone/data/src/utils\../..\River-Segmentation-Data\annotations_binary\00079.png
E:/Research/Project/SplashDrone/data/src/utils\../..\River-Segmentation-Data\images\00080.jpg,E:/Research/Project/SplashDrone/data/src/utils\../..\River-Segmentation-Data\annotations_binary\00080.png
E:/Research/Project/SplashDrone/data/src/utils\../..\River-Segmentation-Data\images\00081.jpg,E:/Research/Project/SplashDrone/data/src/utils\../..\River-Segmentation-Data\annotations_binary\00081.png
E:/Research/Project/SplashDrone/data/src/utils\../..\River-Segmentation-Data\images\00082.jpg,E:/Research/Project/SplashDrone/data/src/utils\../..\River-Segmentation-Data\annotations_binary\00082.png
E:/Research/Project/SplashDrone/data/src/utils\../..\River-Segmentation-Data\images\00083.jpg,E:/Research/Project/SplashDrone/data/src/utils\../..\River-Segmentation-Data\annotations_binary\00083.png
E:/Research/Project/SplashDrone/data/src/utils\../..\River-Segmentation-Data\images\00084.jpg,E:/Research/Project/SplashDrone/data/src/utils\../..\River-Segmentation-Data\annotations_binary\00084.png
E:/Research/Project/SplashDrone/data/src/utils\../..\River-Segmentation-Data\images\00085.jpg,E:/Research/Project/SplashDrone/data/src/utils\../..\River-Segmentation-Data\annotations_binary\00085.png
E:/Research/Project/SplashDrone/data/src/utils\../..\River-Segmentation-Data\images\00086.jpg,E:/Research/Project/SplashDrone/data/src/utils\../..\River-Segmentation-Data\annotations_binary\00086.png
E:/Research/Project/SplashDrone/data/src/utils\../..\River-Segmentation-Data\images\00087.jpg,E:/Research/Project/SplashDrone/data/src/utils\../..\River-Segmentation-Data\annotations_binary\00087.png
E:/Research/Project/SplashDrone/data/src/utils\../..\River-Segmentation-Data\images\00088.jpg,E:/Research/Project/SplashDrone/data/src/utils\../..\River-Segmentation-Data\annotations_binary\00088.png
E:/Research/Project/SplashDrone/data/src/utils\../..\River-Segmentation-Data\images\00089.jpg,E:/Research/Project/SplashDrone/data/src/utils\../..\River-Segmentation-Data\annotations_binary\00089.png
E:/Research/Project/SplashDrone/data/src/utils\../..\River-Segmentation-Data\images\00090.jpg,E:/Research/Project/SplashDrone/data/src/utils\../..\River-Segmentation-Data\annotations_binary\00090.png
E:/Research/Project/SplashDrone/data/src/utils\../..\River-Segmentation-Data\images\00091.jpg,E:/Research/Project/SplashDrone/data/src/utils\../..\River-Segmentation-Data\annotations_binary\00091.png
E:/Research/Project/SplashDrone/data/src/utils\../..\River-Segmentation-Data\images\00092.jpg,E:/Research/Project/SplashDrone/data/src/utils\../..\River-Segmentation-Data\annotations_binary\00092.png
E:/Research/Project/SplashDrone/data/src/utils\../..\River-Segmentation-Data\images\00093.jpg,E:/Research/Project/SplashDrone/data/src/utils\../..\River-Segmentation-Data\annotations_binary\00093.png
E:/Research/Project/SplashDrone/data/src/utils\../..\River-Segmentation-Data\images\00094.jpg,E:/Research/Project/SplashDrone/data/src/utils\../..\River-Segmentation-Data\annotations_binary\00094.png
E:/Research/Project/SplashDrone/data/src/utils\../..\River-Segmentation-Data\images\00095.jpg,E:/Research/Project/SplashDrone/data/src/utils\../..\River-Segmentation-Data\annotations_binary\00095.png
E:/Research/Project/SplashDrone/data/src/utils\../..\River-Segmentation-Data\images\00096.jpg,E:/Research/Project/SplashDrone/data/src/utils\../..\River-Segmentation-Data\annotations_binary\00096.png
E:/Research/Project/SplashDrone/data/src/utils\../..\River-Segmentation-Data\images\00097.jpg,E:/Research/Project/SplashDrone/data/src/utils\../..\River-Segmentation-Data\annotations_binary\00097.png
E:/Research/Project/SplashDrone/data/src/utils\../..\River-Segmentation-Data\images\00098.jpg,E:/Research/Project/SplashDrone/data/src/utils\../..\River-Segmentation-Data\annotations_binary\00098.png
E:/Research/Project/SplashDrone/data/src/utils\../..\River-Segmentation-Data\images\00099.jpg,E:/Research/Project/SplashDrone/data/src/utils\../..\River-Segmentation-Data\annotations_binary\00099.png
E:/Research/Project/SplashDrone/data/src/utils\../..\River-Segmentation-Data\images\00100.jpg,E:/Research/Project/SplashDrone/data/src/utils\../..\River-Segmentation-Data\annotations_binary\00100.png
E:/Research/Project/SplashDrone/data/src/utils\../..\River-Segmentation-Data\images\00101.jpg,E:/Research/Project/SplashDrone/data/src/utils\../..\River-Segmentation-Data\annotations_binary\00101.png
E:/Research/Project/SplashDrone/data/src/utils\../..\River-Segmentation-Data\images\00102.jpg,E:/Research/Project/SplashDrone/data/src/utils\../..\River-Segmentation-Data\annotations_binary\00102.png
E:/Research/Project/SplashDrone/data/src/utils\../..\River-Segmentation-Data\images\00103.jpg,E:/Research/Project/SplashDrone/data/src/utils\../..\River-Segmentation-Data\annotations_binary\00103.png
E:/Research/Project/SplashDrone/data/src/utils\../..\River-Segmentation-Data\images\00104.jpg,E:/Research/Project/SplashDrone/data/src/utils\../..\River-Segmentation-Data\annotations_binary\00104.png
E:/Research/Project/SplashDrone/data/src/utils\../..\River-Segmentation-Data\images\00105.jpg,E:/Research/Project/SplashDrone/data/src/utils\../..\River-Segmentation-Data\annotations_binary\00105.png
E:/Research/Project/SplashDrone/data/src/utils\../..\River-Segmentation-Data\images\00106.jpg,E:/Research/Project/SplashDrone/data/src/utils\../..\River-Segmentation-Data\annotations_binary\00106.png
E:/Research/Project/SplashDrone/data/src/utils\../..\River-Segmentation-Data\images\00107.jpg,E:/Research/Project/SplashDrone/data/src/utils\../..\River-Segmentation-Data\annotations_binary\00107.png
E:/Research/Project/SplashDrone/data/src/utils\../..\River-Segmentation-Data\images\00108.jpg,E:/Research/Project/SplashDrone/data/src/utils\../..\River-Segmentation-Data\annotations_binary\00108.png
E:/Research/Project/SplashDrone/data/src/utils\../..\River-Segmentation-Data\images\00109.jpg,E:/Research/Project/SplashDrone/data/src/utils\../..\River-Segmentation-Data\annotations_binary\00109.png
E:/Research/Project/SplashDrone/data/src/utils\../..\River-Segmentation-Data\images\00110.jpg,E:/Research/Project/SplashDrone/data/src/utils\../..\River-Segmentation-Data\annotations_binary\00110.png
E:/Research/Project/SplashDrone/data/src/utils\../..\River-Segmentation-Data\images\00111.jpg,E:/Research/Project/SplashDrone/data/src/utils\../..\River-Segmentation-Data\annotations_binary\00111.png
E:/Research/Project/SplashDrone/data/src/utils\../..\River-Segmentation-Data\images\00112.jpg,E:/Research/Project/SplashDrone/data/src/utils\../..\River-Segmentation-Data\annotations_binary\00112.png
E:/Research/Project/SplashDrone/data/src/utils\../..\River-Segmentation-Data\images\00113.jpg,E:/Research/Project/SplashDrone/data/src/utils\../..\River-Segmentation-Data\annotations_binary\00113.png
E:/Research/Project/SplashDrone/data/src/utils\../..\River-Segmentation-Data\images\00114.jpg,E:/Research/Project/SplashDrone/data/src/utils\../..\River-Segmentation-Data\annotations_binary\00114.png
E:/Research/Project/SplashDrone/data/src/utils\../..\River-Segmentation-Data\images\00115.jpg,E:/Research/Project/SplashDrone/data/src/utils\../..\River-Segmentation-Data\annotations_binary\00115.png
E:/Research/Project/SplashDrone/data/src/utils\../..\River-Segmentation-Data\images\00116.jpg,E:/Research/Project/SplashDrone/data/src/utils\../..\River-Segmentation-Data\annotations_binary\00116.png
E:/Research/Project/SplashDrone/data/src/utils\../..\River-Segmentation-Data\images\00117.jpg,E:/Research/Project/SplashDrone/data/src/utils\../..\River-Segmentation-Data\annotations_binary\00117.png
E:/Research/Project/SplashDrone/data/src/utils\../..\River-Segmentation-Data\images\00118.jpg,E:/Research/Project/SplashDrone/data/src/utils\../..\River-Segmentation-Data\annotations_binary\00118.png
E:/Research/Project/SplashDrone/data/src/utils\../..\River-Segmentation-Data\images\00119.jpg,E:/Research/Project/SplashDrone/data/src/utils\../..\River-Segmentation-Data\annotations_binary\00119.png
E:/Research/Project/SplashDrone/data/src/utils\../..\River-Segmentation-Data\images\00120.jpg,E:/Research/Project/SplashDrone/data/src/utils\../..\River-Segmentation-Data\annotations_binary\00120.png
E:/Research/Project/SplashDrone/data/src/utils\../..\River-Segmentation-Data\images\00121.jpg,E:/Research/Project/SplashDrone/data/src/utils\../..\River-Segmentation-Data\annotations_binary\00121.png
E:/Research/Project/SplashDrone/data/src/utils\../..\River-Segmentation-Data\images\00122.jpg,E:/Research/Project/SplashDrone/data/src/utils\../..\River-Segmentation-Data\annotations_binary\00122.png
E:/Research/Project/SplashDrone/data/src/utils\../..\River-Segmentation-Data\images\00123.jpg,E:/Research/Project/SplashDrone/data/src/utils\../..\River-Segmentation-Data\annotations_binary\00123.png
E:/Research/Project/SplashDrone/data/src/utils\../..\River-Segmentation-Data\images\00124.jpg,E:/Research/Project/SplashDrone/data/src/utils\../..\River-Segmentation-Data\annotations_binary\00124.png
E:/Research/Project/SplashDrone/data/src/utils\../..\River-Segmentation-Data\images\00125.jpg,E:/Research/Project/SplashDrone/data/src/utils\../..\River-Segmentation-Data\annotations_binary\00125.png
E:/Research/Project/SplashDrone/data/src/utils\../..\River-Segmentation-Data\images\00126.jpg,E:/Research/Project/SplashDrone/data/src/utils\../..\River-Segmentation-Data\annotations_binary\00126.png
E:/Research/Project/SplashDrone/data/src/utils\../..\River-Segmentation-Data\images\00127.jpg,E:/Research/Project/SplashDrone/data/src/utils\../..\River-Segmentation-Data\annotations_binary\00127.png
E:/Research/Project/SplashDrone/data/src/utils\../..\River-Segmentation-Data\images\00128.jpg,E:/Research/Project/SplashDrone/data/src/utils\../..\River-Segmentation-Data\annotations_binary\00128.png
E:/Research/Project/SplashDrone/data/src/utils\../..\River-Segmentation-Data\images\00129.jpg,E:/Research/Project/SplashDrone/data/src/utils\../..\River-Segmentation-Data\annotations_binary\00129.png
E:/Research/Project/SplashDrone/data/src/utils\../..\River-Segmentation-Data\images\00130.jpg,E:/Research/Project/SplashDrone/data/src/utils\../..\River-Segmentation-Data\annotations_binary\00130.png
E:/Research/Project/SplashDrone/data/src/utils\../..\River-Segmentation-Data\images\00131.jpg,E:/Research/Project/SplashDrone/data/src/utils\../..\River-Segmentation-Data\annotations_binary\00131.png
E:/Research/Project/SplashDrone/data/src/utils\../..\River-Segmentation-Data\images\00132.jpg,E:/Research/Project/SplashDrone/data/src/utils\../..\River-Segmentation-Data\annotations_binary\00132.png
E:/Research/Project/SplashDrone/data/src/utils\../..\River-Segmentation-Data\images\00133.jpg,E:/Research/Project/SplashDrone/data/src/utils\../..\River-Segmentation-Data\annotations_binary\00133.png
E:/Research/Project/SplashDrone/data/src/utils\../..\River-Segmentation-Data\images\00134.jpg,E:/Research/Project/SplashDrone/data/src/utils\../..\River-Segmentation-Data\annotations_binary\00134.png
E:/Research/Project/SplashDrone/data/src/utils\../..\River-Segmentation-Data\images\00135.jpg,E:/Research/Project/SplashDrone/data/src/utils\../..\River-Segmentation-Data\annotations_binary\00135.png
E:/Research/Project/SplashDrone/data/src/utils\../..\River-Segmentation-Data\images\00136.jpg,E:/Research/Project/SplashDrone/data/src/utils\../..\River-Segmentation-Data\annotations_binary\00136.png
E:/Research/Project/SplashDrone/data/src/utils\../..\River-Segmentation-Data\images\00137.jpg,E:/Research/Project/SplashDrone/data/src/utils\../..\River-Segmentation-Data\annotations_binary\00137.png
E:/Research/Project/SplashDrone/data/src/utils\../..\River-Segmentation-Data\images\00138.jpg,E:/Research/Project/SplashDrone/data/src/utils\../..\River-Segmentation-Data\annotations_binary\00138.png
E:/Research/Project/SplashDrone/data/src/utils\../..\River-Segmentation-Data\images\00139.jpg,E:/Research/Project/SplashDrone/data/src/utils\../..\River-Segmentation-Data\annotations_binary\00139.png
E:/Research/Project/SplashDrone/data/src/utils\../..\River-Segmentation-Data\images\00140.jpg,E:/Research/Project/SplashDrone/data/src/utils\../..\River-Segmentation-Data\annotations_binary\00140.png
E:/Research/Project/SplashDrone/data/src/utils\../..\River-Segmentation-Data\images\00141.jpg,E:/Research/Project/SplashDrone/data/src/utils\../..\River-Segmentation-Data\annotations_binary\00141.png
E:/Research/Project/SplashDrone/data/src/utils\../..\River-Segmentation-Data\images\00142.jpg,E:/Research/Project/SplashDrone/data/src/utils\../..\River-Segmentation-Data\annotations_binary\00142.png
E:/Research/Project/SplashDrone/data/src/utils\../..\River-Segmentation-Data\images\00143.jpg,E:/Research/Project/SplashDrone/data/src/utils\../..\River-Segmentation-Data\annotations_binary\00143.png
E:/Research/Project/SplashDrone/data/src/utils\../..\River-Segmentation-Data\images\00144.jpg,E:/Research/Project/SplashDrone/data/src/utils\../..\River-Segmentation-Data\annotations_binary\00144.png
E:/Research/Project/SplashDrone/data/src/utils\../..\River-Segmentation-Data\images\00145.jpg,E:/Research/Project/SplashDrone/data/src/utils\../..\River-Segmentation-Data\annotations_binary\00145.png
E:/Research/Project/SplashDrone/data/src/utils\../..\River-Segmentation-Data\images\00146.jpg,E:/Research/Project/SplashDrone/data/src/utils\../..\River-Segmentation-Data\annotations_binary\00146.png
E:/Research/Project/SplashDrone/data/src/utils\../..\River-Segmentation-Data\images\00147.jpg,E:/Research/Project/SplashDrone/data/src/utils\../..\River-Segmentation-Data\annotations_binary\00147.png
E:/Research/Project/SplashDrone/data/src/utils\../..\River-Segmentation-Data\images\00148.jpg,E:/Research/Project/SplashDrone/data/src/utils\../..\River-Segmentation-Data\annotations_binary\00148.png
E:/Research/Project/SplashDrone/data/src/utils\../..\River-Segmentation-Data\images\00149.jpg,E:/Research/Project/SplashDrone/data/src/utils\../..\River-Segmentation-Data\annotations_binary\00149.png
E:/Research/Project/SplashDrone/data/src/utils\../..\River-Segmentation-Data\images\00150.jpg,E:/Research/Project/SplashDrone/data/src/utils\../..\River-Segmentation-Data\annotations_binary\00150.png
E:/Research/Project/SplashDrone/data/src/utils\../..\River-Segmentation-Data\images\00151.jpg,E:/Research/Project/SplashDrone/data/src/utils\../..\River-Segmentation-Data\annotations_binary\00151.png
E:/Research/Project/SplashDrone/data/src/utils\../..\River-Segmentation-Data\images\00152.jpg,E:/Research/Project/SplashDrone/data/src/utils\../..\River-Segmentation-Data\annotations_binary\00152.png
E:/Research/Project/SplashDrone/data/src/utils\../..\River-Segmentation-Data\images\00153.jpg,E:/Research/Project/SplashDrone/data/src/utils\../..\River-Segmentation-Data\annotations_binary\00153.png
E:/Research/Project/SplashDrone/data/src/utils\../..\River-Segmentation-Data\images\00154.jpg,E:/Research/Project/SplashDrone/data/src/utils\../..\River-Segmentation-Data\annotations_binary\00154.png
E:/Research/Project/SplashDrone/data/src/utils\../..\River-Segmentation-Data\images\00155.jpg,E:/Research/Project/SplashDrone/data/src/utils\../..\River-Segmentation-Data\annotations_binary\00155.png
E:/Research/Project/SplashDrone/data/src/utils\../..\River-Segmentation-Data\images\00156.jpg,E:/Research/Project/SplashDrone/data/src/utils\../..\River-Segmentation-Data\annotations_binary\00156.png
E:/Research/Project/SplashDrone/data/src/utils\../..\River-Segmentation-Data\images\00157.jpg,E:/Research/Project/SplashDrone/data/src/utils\../..\River-Segmentation-Data\annotations_binary\00157.png
E:/Research/Project/SplashDrone/data/src/utils\../..\River-Segmentation-Data\images\00158.jpg,E:/Research/Project/SplashDrone/data/src/utils\../..\River-Segmentation-Data\annotations_binary\00158.png
E:/Research/Project/SplashDrone/data/src/utils\../..\River-Segmentation-Data\images\00159.jpg,E:/Research/Project/SplashDrone/data/src/utils\../..\River-Segmentation-Data\annotations_binary\00159.png
E:/Research/Project/SplashDrone/data/src/utils\../..\River-Segmentation-Data\images\00160.jpg,E:/Research/Project/SplashDrone/data/src/utils\../..\River-Segmentation-Data\annotations_binary\00160.png
E:/Research/Project/SplashDrone/data/src/utils\../..\River-Segmentation-Data\images\00161.jpg,E:/Research/Project/SplashDrone/data/src/utils\../..\River-Segmentation-Data\annotations_binary\00161.png
E:/Research/Project/SplashDrone/data/src/utils\../..\River-Segmentation-Data\images\00162.jpg,E:/Research/Project/SplashDrone/data/src/utils\../..\River-Segmentation-Data\annotations_binary\00162.png
E:/Research/Project/SplashDrone/data/src/utils\../..\River-Segmentation-Data\images\00163.jpg,E:/Research/Project/SplashDrone/data/src/utils\../..\River-Segmentation-Data\annotations_binary\00163.png
E:/Research/Project/SplashDrone/data/src/utils\../..\River-Segmentation-Data\images\00164.jpg,E:/Research/Project/SplashDrone/data/src/utils\../..\River-Segmentation-Data\annotations_binary\00164.png
E:/Research/Project/SplashDrone/data/src/utils\../..\River-Segmentation-Data\images\00165.jpg,E:/Research/Project/SplashDrone/data/src/utils\../..\River-Segmentation-Data\annotations_binary\00165.png
E:/Research/Project/SplashDrone/data/src/utils\../..\River-Segmentation-Data\images\00166.jpg,E:/Research/Project/SplashDrone/data/src/utils\../..\River-Segmentation-Data\annotations_binary\00166.png
E:/Research/Project/SplashDrone/data/src/utils\../..\River-Segmentation-Data\images\00167.jpg,E:/Research/Project/SplashDrone/data/src/utils\../..\River-Segmentation-Data\annotations_binary\00167.png
E:/Research/Project/SplashDrone/data/src/utils\../..\River-Segmentation-Data\images\00168.jpg,E:/Research/Project/SplashDrone/data/src/utils\../..\River-Segmentation-Data\annotations_binary\00168.png
E:/Research/Project/SplashDrone/data/src/utils\../..\River-Segmentation-Data\images\00169.jpg,E:/Research/Project/SplashDrone/data/src/utils\../..\River-Segmentation-Data\annotations_binary\00169.png
E:/Research/Project/SplashDrone/data/src/utils\../..\River-Segmentation-Data\images\00170.jpg,E:/Research/Project/SplashDrone/data/src/utils\../..\River-Segmentation-Data\annotations_binary\00170.png
E:/Research/Project/SplashDrone/data/src/utils\../..\River-Segmentation-Data\images\00171.jpg,E:/Research/Project/SplashDrone/data/src/utils\../..\River-Segmentation-Data\annotations_binary\00171.png
E:/Research/Project/SplashDrone/data/src/utils\../..\River-Segmentation-Data\images\00172.jpg,E:/Research/Project/SplashDrone/data/src/utils\../..\River-Segmentation-Data\annotations_binary\00172.png
E:/Research/Project/SplashDrone/data/src/utils\../..\River-Segmentation-Data\images\00173.jpg,E:/Research/Project/SplashDrone/data/src/utils\../..\River-Segmentation-Data\annotations_binary\00173.png
E:/Research/Project/SplashDrone/data/src/utils\../..\River-Segmentation-Data\images\00174.jpg,E:/Research/Project/SplashDrone/data/src/utils\../..\River-Segmentation-Data\annotations_binary\00174.png
E:/Research/Project/SplashDrone/data/src/utils\../..\River-Segmentation-Data\images\00175.jpg,E:/Research/Project/SplashDrone/data/src/utils\../..\River-Segmentation-Data\annotations_binary\00175.png
E:/Research/Project/SplashDrone/data/src/utils\../..\River-Segmentation-Data\images\00176.jpg,E:/Research/Project/SplashDrone/data/src/utils\../..\River-Segmentation-Data\annotations_binary\00176.png
E:/Research/Project/SplashDrone/data/src/utils\../..\River-Segmentation-Data\images\00177.jpg,E:/Research/Project/SplashDrone/data/src/utils\../..\River-Segmentation-Data\annotations_binary\00177.png
E:/Research/Project/SplashDrone/data/src/utils\../..\River-Segmentation-Data\images\00178.jpg,E:/Research/Project/SplashDrone/data/src/utils\../..\River-Segmentation-Data\annotations_binary\00178.png
E:/Research/Project/SplashDrone/data/src/utils\../..\River-Segmentation-Data\images\00179.jpg,E:/Research/Project/SplashDrone/data/src/utils\../..\River-Segmentation-Data\annotations_binary\00179.png
E:/Research/Project/SplashDrone/data/src/utils\../..\River-Segmentation-Data\images\00180.jpg,E:/Research/Project/SplashDrone/data/src/utils\../..\River-Segmentation-Data\annotations_binary\00180.png
E:/Research/Project/SplashDrone/data/src/utils\../..\River-Segmentation-Data\images\00181.jpg,E:/Research/Project/SplashDrone/data/src/utils\../..\River-Segmentation-Data\annotations_binary\00181.png
E:/Research/Project/SplashDrone/data/src/utils\../..\River-Segmentation-Data\images\00182.jpg,E:/Research/Project/SplashDrone/data/src/utils\../..\River-Segmentation-Data\annotations_binary\00182.png
E:/Research/Project/SplashDrone/data/src/utils\../..\River-Segmentation-Data\images\00183.jpg,E:/Research/Project/SplashDrone/data/src/utils\../..\River-Segmentation-Data\annotations_binary\00183.png
E:/Research/Project/SplashDrone/data/src/utils\../..\River-Segmentation-Data\images\00184.jpg,E:/Research/Project/SplashDrone/data/src/utils\../..\River-Segmentation-Data\annotations_binary\00184.png
E:/Research/Project/SplashDrone/data/src/utils\../..\River-Segmentation-Data\images\00185.jpg,E:/Research/Project/SplashDrone/data/src/utils\../..\River-Segmentation-Data\annotations_binary\00185.png
E:/Research/Project/SplashDrone/data/src/utils\../..\River-Segmentation-Data\images\00186.jpg,E:/Research/Project/SplashDrone/data/src/utils\../..\River-Segmentation-Data\annotations_binary\00186.png
E:/Research/Project/SplashDrone/data/src/utils\../..\River-Segmentation-Data\images\00187.jpg,E:/Research/Project/SplashDrone/data/src/utils\../..\River-Segmentation-Data\annotations_binary\00187.png
E:/Research/Project/SplashDrone/data/src/utils\../..\River-Segmentation-Data\images\00188.jpg,E:/Research/Project/SplashDrone/data/src/utils\../..\River-Segmentation-Data\annotations_binary\00188.png
E:/Research/Project/SplashDrone/data/src/utils\../..\River-Segmentation-Data\images\00189.jpg,E:/Research/Project/SplashDrone/data/src/utils\../..\River-Segmentation-Data\annotations_binary\00189.png
E:/Research/Project/SplashDrone/data/src/utils\../..\River-Segmentation-Data\images\00190.jpg,E:/Research/Project/SplashDrone/data/src/utils\../..\River-Segmentation-Data\annotations_binary\00190.png
E:/Research/Project/SplashDrone/data/src/utils\../..\River-Segmentation-Data\images\00191.jpg,E:/Research/Project/SplashDrone/data/src/utils\../..\River-Segmentation-Data\annotations_binary\00191.png
E:/Research/Project/SplashDrone/data/src/utils\../..\River-Segmentation-Data\images\00192.jpg,E:/Research/Project/SplashDrone/data/src/utils\../..\River-Segmentation-Data\annotations_binary\00192.png
E:/Research/Project/SplashDrone/data/src/utils\../..\River-Segmentation-Data\images\00193.jpg,E:/Research/Project/SplashDrone/data/src/utils\../..\River-Segmentation-Data\annotations_binary\00193.png
E:/Research/Project/SplashDrone/data/src/utils\../..\River-Segmentation-Data\images\00194.jpg,E:/Research/Project/SplashDrone/data/src/utils\../..\River-Segmentation-Data\annotations_binary\00194.png
E:/Research/Project/SplashDrone/data/src/utils\../..\River-Segmentation-Data\images\00195.jpg,E:/Research/Project/SplashDrone/data/src/utils\../..\River-Segmentation-Data\annotations_binary\00195.png
E:/Research/Project/SplashDrone/data/src/utils\../..\River-Segmentation-Data\images\00196.jpg,E:/Research/Project/SplashDrone/data/src/utils\../..\River-Segmentation-Data\annotations_binary\00196.png
E:/Research/Project/SplashDrone/data/src/utils\../..\River-Segmentation-Data\images\00197.jpg,E:/Research/Project/SplashDrone/data/src/utils\../..\River-Segmentation-Data\annotations_binary\00197.png
E:/Research/Project/SplashDrone/data/src/utils\../..\River-Segmentation-Data\images\00198.jpg,E:/Research/Project/SplashDrone/data/src/utils\../..\River-Segmentation-Data\annotations_binary\00198.png
E:/Research/Project/SplashDrone/data/src/utils\../..\River-Segmentation-Data\images\00199.jpg,E:/Research/Project/SplashDrone/data/src/utils\../..\River-Segmentation-Data\annotations_binary\00199.png
E:/Research/Project/SplashDrone/data/src/utils\../..\River-Segmentation-Data\images\00200.jpg,E:/Research/Project/SplashDrone/data/src/utils\../..\River-Segmentation-Data\annotations_binary\00200.png
E:/Research/Project/SplashDrone/data/src/utils\../..\River-Segmentation-Data\images\00201.jpg,E:/Research/Project/SplashDrone/data/src/utils\../..\River-Segmentation-Data\annotations_binary\00201.png
E:/Research/Project/SplashDrone/data/src/utils\../..\River-Segmentation-Data\images\00202.jpg,E:/Research/Project/SplashDrone/data/src/utils\../..\River-Segmentation-Data\annotations_binary\00202.png
E:/Research/Project/SplashDrone/data/src/utils\../..\River-Segmentation-Data\images\00203.jpg,E:/Research/Project/SplashDrone/data/src/utils\../..\River-Segmentation-Data\annotations_binary\00203.png
E:/Research/Project/SplashDrone/data/src/utils\../..\River-Segmentation-Data\images\00204.jpg,E:/Research/Project/SplashDrone/data/src/utils\../..\River-Segmentation-Data\annotations_binary\00204.png
E:/Research/Project/SplashDrone/data/src/utils\../..\River-Segmentation-Data\images\00205.jpg,E:/Research/Project/SplashDrone/data/src/utils\../..\River-Segmentation-Data\annotations_binary\00205.png
E:/Research/Project/SplashDrone/data/src/utils\../..\River-Segmentation-Data\images\00206.jpg,E:/Research/Project/SplashDrone/data/src/utils\../..\River-Segmentation-Data\annotations_binary\00206.png
E:/Research/Project/SplashDrone/data/src/utils\../..\River-Segmentation-Data\images\00207.jpg,E:/Research/Project/SplashDrone/data/src/utils\../..\River-Segmentation-Data\annotations_binary\00207.png
E:/Research/Project/SplashDrone/data/src/utils\../..\River-Segmentation-Data\images\00208.jpg,E:/Research/Project/SplashDrone/data/src/utils\../..\River-Segmentation-Data\annotations_binary\00208.png
E:/Research/Project/SplashDrone/data/src/utils\../..\River-Segmentation-Data\images\00209.jpg,E:/Research/Project/SplashDrone/data/src/utils\../..\River-Segmentation-Data\annotations_binary\00209.png
E:/Research/Project/SplashDrone/data/src/utils\../..\River-Segmentation-Data\images\00210.jpg,E:/Research/Project/SplashDrone/data/src/utils\../..\River-Segmentation-Data\annotations_binary\00210.png
E:/Research/Project/SplashDrone/data/src/utils\../..\River-Segmentation-Data\images\00211.jpg,E:/Research/Project/SplashDrone/data/src/utils\../..\River-Segmentation-Data\annotations_binary\00211.png
E:/Research/Project/SplashDrone/data/src/utils\../..\River-Segmentation-Data\images\00212.jpg,E:/Research/Project/SplashDrone/data/src/utils\../..\River-Segmentation-Data\annotations_binary\00212.png
E:/Research/Project/SplashDrone/data/src/utils\../..\River-Segmentation-Data\images\00213.jpg,E:/Research/Project/SplashDrone/data/src/utils\../..\River-Segmentation-Data\annotations_binary\00213.png
E:/Research/Project/SplashDrone/data/src/utils\../..\River-Segmentation-Data\images\00214.jpg,E:/Research/Project/SplashDrone/data/src/utils\../..\River-Segmentation-Data\annotations_binary\00214.png
E:/Research/Project/SplashDrone/data/src/utils\../..\River-Segmentation-Data\images\00215.jpg,E:/Research/Project/SplashDrone/data/src/utils\../..\River-Segmentation-Data\annotations_binary\00215.png
E:/Research/Project/SplashDrone/data/src/utils\../..\River-Segmentation-Data\images\00216.jpg,E:/Research/Project/SplashDrone/data/src/utils\../..\River-Segmentation-Data\annotations_binary\00216.png
E:/Research/Project/SplashDrone/data/src/utils\../..\River-Segmentation-Data\images\00217.jpg,E:/Research/Project/SplashDrone/data/src/utils\../..\River-Segmentation-Data\annotations_binary\00217.png
E:/Research/Project/SplashDrone/data/src/utils\../..\River-Segmentation-Data\images\00218.jpg,E:/Research/Project/SplashDrone/data/src/utils\../..\River-Segmentation-Data\annotations_binary\00218.png
E:/Research/Project/SplashDrone/data/src/utils\../..\River-Segmentation-Data\images\00219.jpg,E:/Research/Project/SplashDrone/data/src/utils\../..\River-Segmentation-Data\annotations_binary\00219.png
E:/Research/Project/SplashDrone/data/src/utils\../..\River-Segmentation-Data\images\00220.jpg,E:/Research/Project/SplashDrone/data/src/utils\../..\River-Segmentation-Data\annotations_binary\00220.png
E:/Research/Project/SplashDrone/data/src/utils\../..\River-Segmentation-Data\images\00221.jpg,E:/Research/Project/SplashDrone/data/src/utils\../..\River-Segmentation-Data\annotations_binary\00221.png
E:/Research/Project/SplashDrone/data/src/utils\../..\River-Segmentation-Data\images\00222.jpg,E:/Research/Project/SplashDrone/data/src/utils\../..\River-Segmentation-Data\annotations_binary\00222.png
E:/Research/Project/SplashDrone/data/src/utils\../..\River-Segmentation-Data\images\00223.jpg,E:/Research/Project/SplashDrone/data/src/utils\../..\River-Segmentation-Data\annotations_binary\00223.png
E:/Research/Project/SplashDrone/data/src/utils\../..\River-Segmentation-Data\images\00224.jpg,E:/Research/Project/SplashDrone/data/src/utils\../..\River-Segmentation-Data\annotations_binary\00224.png
E:/Research/Project/SplashDrone/data/src/utils\../..\River-Segmentation-Data\images\00225.jpg,E:/Research/Project/SplashDrone/data/src/utils\../..\River-Segmentation-Data\annotations_binary\00225.png
E:/Research/Project/SplashDrone/data/src/utils\../..\River-Segmentation-Data\images\00226.jpg,E:/Research/Project/SplashDrone/data/src/utils\../..\River-Segmentation-Data\annotations_binary\00226.png
E:/Research/Project/SplashDrone/data/src/utils\../..\River-Segmentation-Data\images\00227.jpg,E:/Research/Project/SplashDrone/data/src/utils\../..\River-Segmentation-Data\annotations_binary\00227.png
E:/Research/Project/SplashDrone/data/src/utils\../..\River-Segmentation-Data\images\00228.jpg,E:/Research/Project/SplashDrone/data/src/utils\../..\River-Segmentation-Data\annotations_binary\00228.png
E:/Research/Project/SplashDrone/data/src/utils\../..\River-Segmentation-Data\images\00229.jpg,E:/Research/Project/SplashDrone/data/src/utils\../..\River-Segmentation-Data\annotations_binary\00229.png
E:/Research/Project/SplashDrone/data/src/utils\../..\River-Segmentation-Data\images\00230.jpg,E:/Research/Project/SplashDrone/data/src/utils\../..\River-Segmentation-Data\annotations_binary\00230.png
E:/Research/Project/SplashDrone/data/src/utils\../..\River-Segmentation-Data\images\00231.jpg,E:/Research/Project/SplashDrone/data/src/utils\../..\River-Segmentation-Data\annotations_binary\00231.png
E:/Research/Project/SplashDrone/data/src/utils\../..\River-Segmentation-Data\images\00232.jpg,E:/Research/Project/SplashDrone/data/src/utils\../..\River-Segmentation-Data\annotations_binary\00232.png
E:/Research/Project/SplashDrone/data/src/utils\../..\River-Segmentation-Data\images\00233.jpg,E:/Research/Project/SplashDrone/data/src/utils\../..\River-Segmentation-Data\annotations_binary\00233.png
E:/Research/Project/SplashDrone/data/src/utils\../..\River-Segmentation-Data\images\00234.jpg,E:/Research/Project/SplashDrone/data/src/utils\../..\River-Segmentation-Data\annotations_binary\00234.png
E:/Research/Project/SplashDrone/data/src/utils\../..\River-Segmentation-Data\images\00235.jpg,E:/Research/Project/SplashDrone/data/src/utils\../..\River-Segmentation-Data\annotations_binary\00235.png
E:/Research/Project/SplashDrone/data/src/utils\../..\River-Segmentation-Data\images\00236.jpg,E:/Research/Project/SplashDrone/data/src/utils\../..\River-Segmentation-Data\annotations_binary\00236.png
E:/Research/Project/SplashDrone/data/src/utils\../..\River-Segmentation-Data\images\00237.jpg,E:/Research/Project/SplashDrone/data/src/utils\../..\River-Segmentation-Data\annotations_binary\00237.png
E:/Research/Project/SplashDrone/data/src/utils\../..\River-Segmentation-Data\images\00238.jpg,E:/Research/Project/SplashDrone/data/src/utils\../..\River-Segmentation-Data\annotations_binary\00238.png
E:/Research/Project/SplashDrone/data/src/utils\../..\River-Segmentation-Data\images\00239.jpg,E:/Research/Project/SplashDrone/data/src/utils\../..\River-Segmentation-Data\annotations_binary\00239.png
E:/Research/Project/SplashDrone/data/src/utils\../..\River-Segmentation-Data\images\00240.jpg,E:/Research/Project/SplashDrone/data/src/utils\../..\River-Segmentation-Data\annotations_binary\00240.png
E:/Research/Project/SplashDrone/data/src/utils\../..\River-Segmentation-Data\images\00241.jpg,E:/Research/Project/SplashDrone/data/src/utils\../..\River-Segmentation-Data\annotations_binary\00241.png
E:/Research/Project/SplashDrone/data/src/utils\../..\River-Segmentation-Data\images\00242.jpg,E:/Research/Project/SplashDrone/data/src/utils\../..\River-Segmentation-Data\annotations_binary\00242.png
E:/Research/Project/SplashDrone/data/src/utils\../..\River-Segmentation-Data\images\00243.jpg,E:/Research/Project/SplashDrone/data/src/utils\../..\River-Segmentation-Data\annotations_binary\00243.png
E:/Research/Project/SplashDrone/data/src/utils\../..\River-Segmentation-Data\images\00244.jpg,E:/Research/Project/SplashDrone/data/src/utils\../..\River-Segmentation-Data\annotations_binary\00244.png
E:/Research/Project/SplashDrone/data/src/utils\../..\River-Segmentation-Data\images\00245.jpg,E:/Research/Project/SplashDrone/data/src/utils\../..\River-Segmentation-Data\annotations_binary\00245.png
E:/Research/Project/SplashDrone/data/src/utils\../..\River-Segmentation-Data\images\00246.jpg,E:/Research/Project/SplashDrone/data/src/utils\../..\River-Segmentation-Data\annotations_binary\00246.png
E:/Research/Project/SplashDrone/data/src/utils\../..\River-Segmentation-Data\images\00247.jpg,E:/Research/Project/SplashDrone/data/src/utils\../..\River-Segmentation-Data\annotations_binary\00247.png
E:/Research/Project/SplashDrone/data/src/utils\../..\River-Segmentation-Data\images\00248.jpg,E:/Research/Project/SplashDrone/data/src/utils\../..\River-Segmentation-Data\annotations_binary\00248.png
E:/Research/Project/SplashDrone/data/src/utils\../..\River-Segmentation-Data\images\00249.jpg,E:/Research/Project/SplashDrone/data/src/utils\../..\River-Segmentation-Data\annotations_binary\00249.png
E:/Research/Project/SplashDrone/data/src/utils\../..\River-Segmentation-Data\images\00250.jpg,E:/Research/Project/SplashDrone/data/src/utils\../..\River-Segmentation-Data\annotations_binary\00250.png
E:/Research/Project/SplashDrone/data/src/utils\../..\River-Segmentation-Data\images\00251.jpg,E:/Research/Project/SplashDrone/data/src/utils\../..\River-Segmentation-Data\annotations_binary\00251.png
E:/Research/Project/SplashDrone/data/src/utils\../..\River-Segmentation-Data\images\00252.jpg,E:/Research/Project/SplashDrone/data/src/utils\../..\River-Segmentation-Data\annotations_binary\00252.png
E:/Research/Project/SplashDrone/data/src/utils\../..\River-Segmentation-Data\images\00253.jpg,E:/Research/Project/SplashDrone/data/src/utils\../..\River-Segmentation-Data\annotations_binary\00253.png
E:/Research/Project/SplashDrone/data/src/utils\../..\River-Segmentation-Data\images\00254.jpg,E:/Research/Project/SplashDrone/data/src/utils\../..\River-Segmentation-Data\annotations_binary\00254.png
E:/Research/Project/SplashDrone/data/src/utils\../..\River-Segmentation-Data\images\00255.jpg,E:/Research/Project/SplashDrone/data/src/utils\../..\River-Segmentation-Data\annotations_binary\00255.png
E:/Research/Project/SplashDrone/data/src/utils\../..\River-Segmentation-Data\images\00256.jpg,E:/Research/Project/SplashDrone/data/src/utils\../..\River-Segmentation-Data\annotations_binary\00256.png
E:/Research/Project/SplashDrone/data/src/utils\../..\River-Segmentation-Data\images\00257.jpg,E:/Research/Project/SplashDrone/data/src/utils\../..\River-Segmentation-Data\annotations_binary\00257.png
E:/Research/Project/SplashDrone/data/src/utils\../..\River-Segmentation-Data\images\00258.jpg,E:/Research/Project/SplashDrone/data/src/utils\../..\River-Segmentation-Data\annotations_binary\00258.png
E:/Research/Project/SplashDrone/data/src/utils\../..\River-Segmentation-Data\images\00259.jpg,E:/Research/Project/SplashDrone/data/src/utils\../..\River-Segmentation-Data\annotations_binary\00259.png
E:/Research/Project/SplashDrone/data/src/utils\../..\River-Segmentation-Data\images\00260.jpg,E:/Research/Project/SplashDrone/data/src/utils\../..\River-Segmentation-Data\annotations_binary\00260.png
E:/Research/Project/SplashDrone/data/src/utils\../..\River-Segmentation-Data\images\00261.jpg,E:/Research/Project/SplashDrone/data/src/utils\../..\River-Segmentation-Data\annotations_binary\00261.png
E:/Research/Project/SplashDrone/data/src/utils\../..\River-Segmentation-Data\images\00262.jpg,E:/Research/Project/SplashDrone/data/src/utils\../..\River-Segmentation-Data\annotations_binary\00262.png
E:/Research/Project/SplashDrone/data/src/utils\../..\River-Segmentation-Data\images\00263.jpg,E:/Research/Project/SplashDrone/data/src/utils\../..\River-Segmentation-Data\annotations_binary\00263.png
E:/Research/Project/SplashDrone/data/src/utils\../..\River-Segmentation-Data\images\00264.jpg,E:/Research/Project/SplashDrone/data/src/utils\../..\River-Segmentation-Data\annotations_binary\00264.png
E:/Research/Project/SplashDrone/data/src/utils\../..\River-Segmentation-Data\images\00265.jpg,E:/Research/Project/SplashDrone/data/src/utils\../..\River-Segmentation-Data\annotations_binary\00265.png
E:/Research/Project/SplashDrone/data/src/utils\../..\River-Segmentation-Data\images\00266.jpg,E:/Research/Project/SplashDrone/data/src/utils\../..\River-Segmentation-Data\annotations_binary\00266.png
E:/Research/Project/SplashDrone/data/src/utils\../..\River-Segmentation-Data\images\00267.jpg,E:/Research/Project/SplashDrone/data/src/utils\../..\River-Segmentation-Data\annotations_binary\00267.png
E:/Research/Project/SplashDrone/data/src/utils\../..\River-Segmentation-Data\images\00268.jpg,E:/Research/Project/SplashDrone/data/src/utils\../..\River-Segmentation-Data\annotations_binary\00268.png
E:/Research/Project/SplashDrone/data/src/utils\../..\River-Segmentation-Data\images\00269.jpg,E:/Research/Project/SplashDrone/data/src/utils\../..\River-Segmentation-Data\annotations_binary\00269.png
E:/Research/Project/SplashDrone/data/src/utils\../..\River-Segmentation-Data\images\00270.jpg,E:/Research/Project/SplashDrone/data/src/utils\../..\River-Segmentation-Data\annotations_binary\00270.png
E:/Research/Project/SplashDrone/data/src/utils\../..\River-Segmentation-Data\images\00271.jpg,E:/Research/Project/SplashDrone/data/src/utils\../..\River-Segmentation-Data\annotations_binary\00271.png
E:/Research/Project/SplashDrone/data/src/utils\../..\River-Segmentation-Data\images\00272.jpg,E:/Research/Project/SplashDrone/data/src/utils\../..\River-Segmentation-Data\annotations_binary\00272.png
E:/Research/Project/SplashDrone/data/src/utils\../..\River-Segmentation-Data\images\00273.jpg,E:/Research/Project/SplashDrone/data/src/utils\../..\River-Segmentation-Data\annotations_binary\00273.png
E:/Research/Project/SplashDrone/data/src/utils\../..\River-Segmentation-Data\images\00274.jpg,E:/Research/Project/SplashDrone/data/src/utils\../..\River-Segmentation-Data\annotations_binary\00274.png
E:/Research/Project/SplashDrone/data/src/utils\../..\River-Segmentation-Data\images\00275.jpg,E:/Research/Project/SplashDrone/data/src/utils\../..\River-Segmentation-Data\annotations_binary\00275.png
E:/Research/Project/SplashDrone/data/src/utils\../..\River-Segmentation-Data\images\00276.jpg,E:/Research/Project/SplashDrone/data/src/utils\../..\River-Segmentation-Data\annotations_binary\00276.png
E:/Research/Project/SplashDrone/data/src/utils\../..\River-Segmentation-Data\images\00277.jpg,E:/Research/Project/SplashDrone/data/src/utils\../..\River-Segmentation-Data\annotations_binary\00277.png
E:/Research/Project/SplashDrone/data/src/utils\../..\River-Segmentation-Data\images\00278.jpg,E:/Research/Project/SplashDrone/data/src/utils\../..\River-Segmentation-Data\annotations_binary\00278.png
E:/Research/Project/SplashDrone/data/src/utils\../..\River-Segmentation-Data\images\00279.jpg,E:/Research/Project/SplashDrone/data/src/utils\../..\River-Segmentation-Data\annotations_binary\00279.png
E:/Research/Project/SplashDrone/data/src/utils\../..\River-Segmentation-Data\images\00280.jpg,E:/Research/Project/SplashDrone/data/src/utils\../..\River-Segmentation-Data\annotations_binary\00280.png
E:/Research/Project/SplashDrone/data/src/utils\../..\River-Segmentation-Data\images\00281.jpg,E:/Research/Project/SplashDrone/data/src/utils\../..\River-Segmentation-Data\annotations_binary\00281.png
E:/Research/Project/SplashDrone/data/src/utils\../..\River-Segmentation-Data\images\00282.jpg,E:/Research/Project/SplashDrone/data/src/utils\../..\River-Segmentation-Data\annotations_binary\00282.png
E:/Research/Project/SplashDrone/data/src/utils\../..\River-Segmentation-Data\images\00283.jpg,E:/Research/Project/SplashDrone/data/src/utils\../..\River-Segmentation-Data\annotations_binary\00283.png
E:/Research/Project/SplashDrone/data/src/utils\../..\River-Segmentation-Data\images\00284.jpg,E:/Research/Project/SplashDrone/data/src/utils\../..\River-Segmentation-Data\annotations_binary\00284.png
E:/Research/Project/SplashDrone/data/src/utils\../..\River-Segmentation-Data\images\00285.jpg,E:/Research/Project/SplashDrone/data/src/utils\../..\River-Segmentation-Data\annotations_binary\00285.png
E:/Research/Project/SplashDrone/data/src/utils\../..\River-Segmentation-Data\images\00286.jpg,E:/Research/Project/SplashDrone/data/src/utils\../..\River-Segmentation-Data\annotations_binary\00286.png
E:/Research/Project/SplashDrone/data/src/utils\../..\River-Segmentation-Data\images\00287.jpg,E:/Research/Project/SplashDrone/data/src/utils\../..\River-Segmentation-Data\annotations_binary\00287.png
E:/Research/Project/SplashDrone/data/src/utils\../..\River-Segmentation-Data\images\00288.jpg,E:/Research/Project/SplashDrone/data/src/utils\../..\River-Segmentation-Data\annotations_binary\00288.png
E:/Research/Project/SplashDrone/data/src/utils\../..\River-Segmentation-Data\images\00289.jpg,E:/Research/Project/SplashDrone/data/src/utils\../..\River-Segmentation-Data\annotations_binary\00289.png
E:/Research/Project/SplashDrone/data/src/utils\../..\River-Segmentation-Data\images\00290.jpg,E:/Research/Project/SplashDrone/data/src/utils\../..\River-Segmentation-Data\annotations_binary\00290.png
E:/Research/Project/SplashDrone/data/src/utils\../..\River-Segmentation-Data\images\00291.jpg,E:/Research/Project/SplashDrone/data/src/utils\../..\River-Segmentation-Data\annotations_binary\00291.png
E:/Research/Project/SplashDrone/data/src/utils\../..\River-Segmentation-Data\images\00292.jpg,E:/Research/Project/SplashDrone/data/src/utils\../..\River-Segmentation-Data\annotations_binary\00292.png
E:/Research/Project/SplashDrone/data/src/utils\../..\River-Segmentation-Data\images\00293.jpg,E:/Research/Project/SplashDrone/data/src/utils\../..\River-Segmentation-Data\annotations_binary\00293.png
E:/Research/Project/SplashDrone/data/src/utils\../..\River-Segmentation-Data\images\00294.jpg,E:/Research/Project/SplashDrone/data/src/utils\../..\River-Segmentation-Data\annotations_binary\00294.png
E:/Research/Project/SplashDrone/data/src/utils\../..\River-Segmentation-Data\images\00295.jpg,E:/Research/Project/SplashDrone/data/src/utils\../..\River-Segmentation-Data\annotations_binary\00295.png
E:/Research/Project/SplashDrone/data/src/utils\../..\River-Segmentation-Data\images\00296.jpg,E:/Research/Project/SplashDrone/data/src/utils\../..\River-Segmentation-Data\annotations_binary\00296.png
E:/Research/Project/SplashDrone/data/src/utils\../..\River-Segmentation-Data\images\00297.jpg,E:/Research/Project/SplashDrone/data/src/utils\../..\River-Segmentation-Data\annotations_binary\00297.png
E:/Research/Project/SplashDrone/data/src/utils\../..\River-Segmentation-Data\images\00298.jpg,E:/Research/Project/SplashDrone/data/src/utils\../..\River-Segmentation-Data\annotations_binary\00298.png
E:/Research/Project/SplashDrone/data/src/utils\../..\River-Segmentation-Data\images\00299.jpg,E:/Research/Project/SplashDrone/data/src/utils\../..\River-Segmentation-Data\annotations_binary\00299.png
E:/Research/Project/SplashDrone/data/src/utils\../..\River-Segmentation-Data\images\00300.jpg,E:/Research/Project/SplashDrone/data/src/utils\../..\River-Segmentation-Data\annotations_binary\00300.png
